[
   {
      "uri":"entities/1CxDqFFb",
      "type":"configuration/entityTypes/HCP",
      "createdBy":"vamshidhar.rondla@reltio.com",
      "createdTime":1660835559896,
      "updatedBy":"vamshidhar.rondla@reltio.com",
      "updatedTime":1660835559896,
      "attributes":{
         "CountryCode":[
            {
               "type":"configuration/entityTypes/HCP/attributes/CountryCode",
               "ov":true,
               "value":"United States",
               "lookupCode":"US",
               "lookupValue":"United States",
               "uri":"entities/1CxDqFFb/attributes/CountryCode/20nH7XunE"
            }
         ],
         "FirstName":[
            {
               "type":"configuration/entityTypes/HCP/attributes/FirstName",
               "ov":true,
               "value":"Vamshidhar",
               "uri":"entities/1CxDqFFb/attributes/FirstName/20nH7XIQu"
            }
         ],
         "LastName":[
            {
               "type":"configuration/entityTypes/HCP/attributes/LastName",
               "ov":true,
               "value":"Rondla",
               "uri":"entities/1CxDqFFb/attributes/LastName/20nH7XdkC"
            }
         ],
         "Phone":[
            {
               "label":"Mobile 4705061234",
               "value":{
                  "Type":[
                     {
                        "type":"configuration/entityTypes/HCP/attributes/Phone/attributes/Type",
                        "ov":true,
                        "value":"Mobile",
                        "lookupCode":"Mobile",
                        "lookupValue":"Mobile",
                        "uri":"entities/1CxDqFFb/attributes/Phone/20nH7XMhA/Type/20nH7XQxQ"
                     }
                  ],
                  "Number":[
                     {
                        "type":"configuration/entityTypes/HCP/attributes/Phone/attributes/Number",
                        "ov":true,
                        "value":"4705061234",
                        "uri":"entities/1CxDqFFb/attributes/Phone/20nH7XMhA/Number/20nH7XVDg"
                     }
                  ]
               },
               "ov":true,
               "uri":"entities/1CxDqFFb/attributes/Phone/20nH7XMhA"
            }
         ],
         "Identifiers":[
            {
               "label":"Veeva CRM ID - 0987654321",
               "value":{
                  "Type":[
                     {
                        "type":"configuration/entityTypes/HCP/attributes/Identifiers/attributes/Type",
                        "ov":true,
                        "value":"Veeva CRM ID",
                        "lookupCode":"Veeva CRM ID",
                        "lookupValue":"Veeva CRM ID",
                        "uri":"entities/1CxDqFFb/attributes/Identifiers/20nH7Xz3U/Type/20nH7Y7a0"
                     }
                  ],
                  "ID":[
                     {
                        "type":"configuration/entityTypes/HCP/attributes/Identifiers/attributes/ID",
                        "ov":true,
                        "value":"0987654321",
                        "uri":"entities/1CxDqFFb/attributes/Identifiers/20nH7Xz3U/ID/20nH7YBqG"
                     }
                  ],
                  "Status":[
                     {
                        "type":"configuration/entityTypes/HCP/attributes/Identifiers/attributes/Status",
                        "ov":true,
                        "value":"Active",
                        "lookupCode":"Active",
                        "lookupValue":"Active",
                        "uri":"entities/1CxDqFFb/attributes/Identifiers/20nH7Xz3U/Status/20nH7Y3Jk"
                     }
                  ]
               },
               "ov":true,
               "uri":"entities/1CxDqFFb/attributes/Identifiers/20nH7Xz3U"
            }
         ],
         "Specialities":[
            {
               "label":"Primary Pharmaceutical",
               "value":{
                  "SpecialtyType":[
                     {
                        "type":"configuration/entityTypes/HCP/attributes/Specialities/attributes/SpecialtyType",
                        "ov":true,
                        "value":"Primary",
                        "lookupCode":"P",
                        "lookupValue":"Primary",
                        "uri":"entities/1CxDqFFb/attributes/Specialities/20nH7Xi0S/SpecialtyType/20nH7XqWy"
                     }
                  ],
                  "Specialty":[
                     {
                        "type":"configuration/entityTypes/HCP/attributes/Specialities/attributes/Specialty",
                        "ov":true,
                        "value":"Pharmaceutical",
                        "lookupCode":"BY_SPEC_PHARMACE",
                        "lookupValue":"Pharmaceutical",
                        "uri":"entities/1CxDqFFb/attributes/Specialities/20nH7Xi0S/Specialty/20nH7XmGi"
                     }
                  ]
               },
               "ov":true,
               "uri":"entities/1CxDqFFb/attributes/Specialities/20nH7Xi0S"
            }
         ]
      },
      "crosswalks":[
         {
            "uri":"entities/1CxDqFFb/crosswalks/1qWFL0NEZ",
            "type":"configuration/sources/Reltio",
            "value":"1CxDqFFb",
            "reltioLoadDate":"2022-08-18T15:05:28.813Z",
            "createDate":"2022-08-18T15:05:28.813Z",
            "updateDate":"2022-08-18T15:05:28.813Z",
            "attributes":[
               "entities/1CxDqFFb/attributes/Phone/20nH7XMhA/Type/20nH7XQxQ",
               "entities/1CxDqFFb/attributes/CountryCode/20nH7XunE",
               "entities/1CxDqFFb/attributes/Specialities/20nH7Xi0S",
               "entities/1CxDqFFb/attributes/FirstName/20nH7XIQu",
               "entities/1CxDqFFb/attributes/Specialities/20nH7Xi0S/Specialty/20nH7XmGi",
               "entities/1CxDqFFb/attributes/Identifiers/20nH7Xz3U/Status/20nH7Y3Jk",
               "entities/1CxDqFFb/attributes/Specialities/20nH7Xi0S/SpecialtyType/20nH7XqWy",
               "entities/1CxDqFFb/attributes/Identifiers/20nH7Xz3U/ID/20nH7YBqG",
               "entities/1CxDqFFb/attributes/Phone/20nH7XMhA/Number/20nH7XVDg",
               "entities/1CxDqFFb/attributes/LastName/20nH7XdkC",
               "entities/1CxDqFFb/attributes/Identifiers/20nH7Xz3U",
               "entities/1CxDqFFb/attributes/Identifiers/20nH7Xz3U/Type/20nH7Y7a0",
               "entities/1CxDqFFb/attributes/Phone/20nH7XMhA"
            ],
            "singleAttributeUpdateDates":{
               
            }
         }
      ],
      "analyticsAttributes":{
         
      },
      "label":"Vamshidhar Rondla",
      "secondaryLabel":""
   },
   {
      "uri":"entities/v0QeZk0",
      "type":"configuration/entityTypes/HCP",
      "createdBy":"vamshidhar.rondla@reltio.com",
      "createdTime":1660834839468,
      "updatedBy":"vamshidhar.rondla@reltio.com",
      "updatedTime":1660835559896,
      "attributes":{
         "CountryCode":[
            {
               "type":"configuration/entityTypes/HCP/attributes/CountryCode",
               "ov":true,
               "value":"United States",
               "lookupCode":"US",
               "lookupValue":"United States",
               "uri":"entities/v0QeZk0/attributes/CountryCode/1qqM65B6u"
            }
         ],
         "FirstName":[
            {
               "type":"configuration/entityTypes/HCP/attributes/FirstName",
               "ov":true,
               "value":"Vamshi",
               "uri":"entities/v0QeZk0/attributes/FirstName/1qqM65FNA"
            }
         ],
         "LastName":[
            {
               "type":"configuration/entityTypes/HCP/attributes/LastName",
               "ov":true,
               "value":"Rondla",
               "uri":"entities/v0QeZk0/attributes/LastName/1qqM65JdQ"
            }
         ],
         "Gender":[
            {
               "type":"configuration/entityTypes/HCP/attributes/Gender",
               "ov":true,
               "value":"Male",
               "lookupCode":"M",
               "lookupValue":"Male",
               "uri":"entities/v0QeZk0/attributes/Gender/1qqM65Ntg"
            }
         ],
         "Phone":[
            {
               "label":"Mobile 4049361234",
               "value":{
                  "Type":[
                     {
                        "type":"configuration/entityTypes/HCP/attributes/Phone/attributes/Type",
                        "ov":true,
                        "value":"Mobile",
                        "lookupCode":"Mobile",
                        "lookupValue":"Mobile",
                        "uri":"entities/v0QeZk0/attributes/Phone/1qqM65S9w/Type/1qqM65agS"
                     }
                  ],
                  "Number":[
                     {
                        "type":"configuration/entityTypes/HCP/attributes/Phone/attributes/Number",
                        "ov":true,
                        "value":"4049361234",
                        "uri":"entities/v0QeZk0/attributes/Phone/1qqM65S9w/Number/1qqM65WQC"
                     }
                  ]
               },
               "ov":true,
               "uri":"entities/v0QeZk0/attributes/Phone/1qqM65S9w"
            }
         ],
         "Identifiers":[
            {
               "label":"Veeva CRM ID - 1234567890",
               "value":{
                  "Type":[
                     {
                        "type":"configuration/entityTypes/HCP/attributes/Identifiers/attributes/Type",
                        "ov":true,
                        "value":"Veeva CRM ID",
                        "lookupCode":"Veeva CRM ID",
                        "lookupValue":"Veeva CRM ID",
                        "uri":"entities/v0QeZk0/attributes/Identifiers/1qqM65ewi/Type/1qqM65jCy"
                     }
                  ],
                  "ID":[
                     {
                        "type":"configuration/entityTypes/HCP/attributes/Identifiers/attributes/ID",
                        "ov":true,
                        "value":"1234567890",
                        "uri":"entities/v0QeZk0/attributes/Identifiers/1qqM65ewi/ID/1qqM65nTE"
                     }
                  ],
                  "Status":[
                     {
                        "type":"configuration/entityTypes/HCP/attributes/Identifiers/attributes/Status",
                        "ov":true,
                        "value":"Active",
                        "lookupCode":"Active",
                        "lookupValue":"Active",
                        "uri":"entities/v0QeZk0/attributes/Identifiers/1qqM65ewi/Status/1qqM65rjU"
                     }
                  ]
               },
               "ov":true,
               "uri":"entities/v0QeZk0/attributes/Identifiers/1qqM65ewi"
            }
         ],
         "Specialities":[
            {
               "label":"Primary Pharmacy",
               "value":{
                  "SpecialtyType":[
                     {
                        "type":"configuration/entityTypes/HCP/attributes/Specialities/attributes/SpecialtyType",
                        "ov":true,
                        "value":"Primary",
                        "lookupCode":"P",
                        "lookupValue":"Primary",
                        "uri":"entities/v0QeZk0/attributes/Specialities/1qqM65vzk/SpecialtyType/1qqM660G0"
                     }
                  ],
                  "Specialty":[
                     {
                        "type":"configuration/entityTypes/HCP/attributes/Specialities/attributes/Specialty",
                        "ov":true,
                        "value":"Pharmacy",
                        "lookupCode":"BY_SPEC_PHARMACY",
                        "lookupValue":"Pharmacy",
                        "uri":"entities/v0QeZk0/attributes/Specialities/1qqM65vzk/Specialty/1qqM664WG"
                     }
                  ]
               },
               "ov":true,
               "uri":"entities/v0QeZk0/attributes/Specialities/1qqM65vzk"
            }
         ]
      },
      "crosswalks":[
         {
            "uri":"entities/v0QeZk0/crosswalks/1qqM668mW",
            "type":"configuration/sources/Reltio",
            "value":"v0QeZk0",
            "reltioLoadDate":"2022-08-18T15:00:39.468Z",
            "createDate":"2022-08-18T15:00:39.468Z",
            "updateDate":"2022-08-18T15:00:39.468Z",
            "attributes":[
               "entities/v0QeZk0/attributes/Phone/1qqM65S9w",
               "entities/v0QeZk0/attributes/Phone/1qqM65S9w/Type/1qqM65agS",
               "entities/v0QeZk0/attributes/Specialities/1qqM65vzk/SpecialtyType/1qqM660G0",
               "entities/v0QeZk0/attributes/LastName/1qqM65JdQ",
               "entities/v0QeZk0/attributes/Identifiers/1qqM65ewi",
               "entities/v0QeZk0/attributes/FirstName/1qqM65FNA",
               "entities/v0QeZk0/attributes/Identifiers/1qqM65ewi/ID/1qqM65nTE",
               "entities/v0QeZk0/attributes/CountryCode/1qqM65B6u",
               "entities/v0QeZk0/attributes/Gender/1qqM65Ntg",
               "entities/v0QeZk0/attributes/Identifiers/1qqM65ewi/Type/1qqM65jCy",
               "entities/v0QeZk0/attributes/Identifiers/1qqM65ewi/Status/1qqM65rjU",
               "entities/v0QeZk0/attributes/Specialities/1qqM65vzk",
               "entities/v0QeZk0/attributes/Phone/1qqM65S9w/Number/1qqM65WQC",
               "entities/v0QeZk0/attributes/Specialities/1qqM65vzk/Specialty/1qqM664WG"
            ],
            "singleAttributeUpdateDates":{
               
            }
         }
      ],
      "analyticsAttributes":{
         
      },
      "label":"Vamshi Rondla",
      "secondaryLabel":""
   }
]