[
  {
    "uri": "relations/dWQ959H",
    "type": "configuration/relationTypes/StrengthToProduct",
    "createdBy": "reltio_application_user",
    "createdTime": 1627626984492,
    "updatedBy": "SONAIMETYA",
    "updatedTime": 1665473293010,
    "startRefPinned": false,
    "startRefIgnored": false,
    "endRefPinned": false,
    "endRefIgnored": false,
    "attributes": {
      "Country": [
        {
          "type": "configuration/relationTypes/StrengthToProduct/attributes/Country",
          "ov": true,
          "value": "United Kingdom",
          "lookupCode": "GB",
          "lookupValue": "United Kingdom",
          "uri": "relations/dWQ959H/attributes/Country/1hjvwUTlV"
        }
      ]
    },
    "crosswalks": [
      {
        "uri": "relations/dWQ959H/crosswalks/1hjvwUPVF",
        "type": "configuration/sources/Reltio",
        "value": "dWQ959H",
        "reltioLoadDate": "2022-10-11T07:28:13.010Z",
        "createDate": "2022-10-11T07:28:13.010Z",
        "updateDate": "2022-10-11T07:28:13.010Z",
        "attributes": [
          "relations/dWQ959H/attributes/Country/1hjvwUTlV"
        ],
        "singleAttributeUpdateDates": {
          "relations/dWQ959H/attributes/Country/1hjvwUTlV": "2022-10-11T07:28:13.010Z"
        }
      },
      {
        "uri": "relations/dWQ959H/crosswalks/1i6LDHXRr",
        "type": "configuration/sources/IQVIA-HDSC",
        "value": "Strength:59478:75MG:4401109:UK|MP:3758074:LO4248:4401109:UK",
        "reltioLoadDate": "2021-07-30T06:36:24.492Z",
        "createDate": "2021-07-30T06:36:24.492Z",
        "updateDate": "2021-07-30T06:36:24.492Z",
        "attributes": [],
        "singleAttributeUpdateDates": {}
      }
    ],
    "startObject": {
      "type": "configuration/entityTypes/ProductGroup",
      "objectURI": "entities/1TvOqDql",
      "label": "ASPIRIN MI5 75MG (Strength)",
      "directionalLabel": "has product",
      "crosswalks": [
        {
          "uri": "entities/1TvOqDql/crosswalks/1rzigCqo2",
          "type": "configuration/sources/IQVIA-HDSC",
          "value": "Strength:59478:75MG:4401109:UK",
          "reltioLoadDate": "2021-07-30T06:34:52.506Z",
          "createDate": "2021-07-30T06:34:52.506Z",
          "updateDate": "2021-07-30T06:34:52.506Z",
          "attributes": [
            "entities/1TvOqDql/attributes/Type/2Yg9Fjfj9",
            "entities/1TvOqDql/attributes/Name/2Yg9FjjzP"
          ],
          "singleAttributeUpdateDates": {}
        }
      ]
    },
    "endObject": {
      "type": "configuration/entityTypes/MedicinalProduct",
      "objectURI": "entities/14KHHi4x",
      "label": "(GB) - ASPIRIN C2M TABS 75MG 28",
      "directionalLabel": "is under strength",
      "crosswalks": [
        {
          "uri": "entities/14KHHi4x/crosswalks/1rzfZ6jjq",
          "type": "configuration/sources/IQVIA-HDSC",
          "value": "MP:3758074:LO4248:4401109:UK",
          "reltioLoadDate": "2021-07-30T06:33:43.227Z",
          "createDate": "2021-07-30T06:33:43.227Z",
          "updateDate": "2021-07-30T06:33:43.227Z",
          "attributes": [
            "entities/14KHHi4x/attributes/Identifiers/1i6DldAmB/ID/37VrZHnyA",
            "entities/14KHHi4x/attributes/Identifiers/1i6DldAmB/Type/1i6DldJIh",
            "entities/14KHHi4x/attributes/Identifiers/1i6DldAmB",
            "entities/14KHHi4x/attributes/Country/1i6Dlctj9",
            "entities/14KHHi4x/attributes/IsInternalProduct/1i6Dld2Ff",
            "entities/14KHHi4x/attributes/ATCCode/1i6DlcpSt",
            "entities/14KHHi4x/attributes/Type/1i6DlcxzP"
          ],
          "singleAttributeUpdateDates": {}
        }
      ]
    }
  },
  {
    "uri": "relations/1BtXvxzU",
    "type": "configuration/relationTypes/StrengthToProduct",
    "createdBy": "avinash.nimbalkar.ext@bayer.com",
    "createdTime": 1628014576172,
    "updatedBy": "SONAIMETYA",
    "updatedTime": 1665473293010,
    "startRefPinned": false,
    "startRefIgnored": false,
    "endRefPinned": false,
    "endRefIgnored": false,
    "attributes": {
      "Country": [
        {
          "type": "configuration/relationTypes/StrengthToProduct/attributes/Country",
          "ov": true,
          "value": "United Kingdom",
          "lookupCode": "GB",
          "lookupValue": "United Kingdom",
          "uri": "relations/1BtXvxzU/attributes/Country/1hjvwU8SD"
        }
      ]
    },
    "crosswalks": [
      {
        "uri": "relations/1BtXvxzU/crosswalks/1zidms0V6",
        "type": "configuration/sources/Reltio",
        "value": "1BtXvxzU",
        "reltioLoadDate": "2021-08-03T18:16:16.172Z",
        "createDate": "2021-08-03T18:16:16.172Z",
        "updateDate": "2021-08-03T18:16:16.172Z",
        "attributes": [
          "relations/1BtXvxzU/attributes/Country/1hjvwU8SD"
        ],
        "singleAttributeUpdateDates": {
          "relations/1BtXvxzU/attributes/Country/1hjvwU8SD": "2022-10-11T07:28:13.010Z"
        }
      }
    ],
    "startObject": {
      "type": "configuration/entityTypes/ProductGroup",
      "objectURI": "entities/ymFid5C",
      "label": "MAEXENI (Strength)",
      "directionalLabel": "has product",
      "crosswalks": [
        {
          "uri": "entities/ymFid5C/crosswalks/1zidms4lM",
          "type": "configuration/sources/Reltio",
          "value": "ymFid5C",
          "reltioLoadDate": "2021-08-03T18:16:16.172Z",
          "createDate": "2021-08-03T18:16:16.172Z",
          "updateDate": "2021-08-03T18:16:16.172Z",
          "attributes": [],
          "singleAttributeUpdateDates": {}
        }
      ]
    },
    "endObject": {
      "type": "configuration/entityTypes/MedicinalProduct",
      "objectURI": "entities/14KHHdoh",
      "label": "(GB) - PERASAFE POWDER 24 81G",
      "directionalLabel": "is under strength",
      "crosswalks": [
        {
          "uri": "entities/14KHHdoh/crosswalks/1zidms91c",
          "type": "configuration/sources/Reltio",
          "value": "14KHHdoh",
          "reltioLoadDate": "2021-08-03T18:16:16.172Z",
          "createDate": "2021-08-03T18:16:16.172Z",
          "updateDate": "2021-08-03T18:16:16.172Z",
          "attributes": [
            "entities/14KHHdoh/attributes/Identifiers/1i6DlcLd5/CountryCode/45LeWuPwN",
            "entities/14KHHdoh/attributes/Identifiers/1i6DlcLd5"
          ],
          "singleAttributeUpdateDates": {
            "entities/14KHHdoh/attributes/Identifiers/1i6DlcLd5/CountryCode/45LeWuPwN": "2022-09-14T09:46:09.677Z",
            "entities/14KHHdoh/attributes/Identifiers/1i6DlcLd5": "2022-09-14T09:46:09.677Z"
          }
        }
      ]
    }
  },
  {
    "uri": "relations/zswONiU",
    "type": "configuration/relationTypes/StrengthToProduct",
    "createdBy": "abarna.chandrasekar.ext@bayer.com",
    "createdTime": 1628495766644,
    "updatedBy": "SONAIMETYA",
    "updatedTime": 1665473293010,
    "startRefPinned": false,
    "startRefIgnored": false,
    "endRefPinned": false,
    "endRefIgnored": false,
    "attributes": {
      "Country": [
        {
          "type": "configuration/relationTypes/StrengthToProduct/attributes/Country",
          "ov": true,
          "value": "United Kingdom",
          "lookupCode": "GB",
          "lookupValue": "United Kingdom",
          "uri": "relations/zswONiU/attributes/Country/1hjvwUCiT"
        }
      ]
    },
    "crosswalks": [
      {
        "uri": "relations/zswONiU/crosswalks/2imaLfZlC",
        "type": "configuration/sources/Reltio",
        "value": "zswONiU",
        "reltioLoadDate": "2021-08-09T07:56:06.644Z",
        "createDate": "2021-08-09T07:56:06.644Z",
        "updateDate": "2021-08-09T07:56:06.644Z",
        "attributes": [
          "relations/zswONiU/attributes/Country/1hjvwUCiT"
        ],
        "singleAttributeUpdateDates": {
          "relations/zswONiU/attributes/Country/1hjvwUCiT": "2022-10-11T07:28:13.010Z"
        }
      }
    ],
    "startObject": {
      "type": "configuration/entityTypes/ProductGroup",
      "objectURI": "entities/10r2zuIo",
      "label": "Bonefos Solution (Strength)",
      "directionalLabel": "has product",
      "crosswalks": [
        {
          "uri": "entities/10r2zuIo/crosswalks/2imaLfe1S",
          "type": "configuration/sources/Reltio",
          "value": "10r2zuIo",
          "reltioLoadDate": "2021-08-09T07:56:06.644Z",
          "createDate": "2021-08-09T07:56:06.644Z",
          "updateDate": "2021-08-09T07:56:06.644Z",
          "attributes": [],
          "singleAttributeUpdateDates": {}
        }
      ]
    },
    "endObject": {
      "type": "configuration/entityTypes/MedicinalProduct",
      "objectURI": "entities/14KHHdoh",
      "label": "(GB) - PERASAFE POWDER 24 81G",
      "directionalLabel": "is under strength",
      "crosswalks": [
        {
          "uri": "entities/14KHHdoh/crosswalks/1zidms91c",
          "type": "configuration/sources/Reltio",
          "value": "14KHHdoh",
          "reltioLoadDate": "2021-08-03T18:16:16.172Z",
          "createDate": "2021-08-03T18:16:16.172Z",
          "updateDate": "2021-08-03T18:16:16.172Z",
          "attributes": [
            "entities/14KHHdoh/attributes/Identifiers/1i6DlcLd5/CountryCode/45LeWuPwN",
            "entities/14KHHdoh/attributes/Identifiers/1i6DlcLd5"
          ],
          "singleAttributeUpdateDates": {
            "entities/14KHHdoh/attributes/Identifiers/1i6DlcLd5/CountryCode/45LeWuPwN": "2022-09-14T09:46:09.677Z",
            "entities/14KHHdoh/attributes/Identifiers/1i6DlcLd5": "2022-09-14T09:46:09.677Z"
          }
        }
      ]
    }
  },
  {
    "uri": "relations/sKFI3bR",
    "type": "configuration/relationTypes/StrengthToProduct",
    "createdBy": "abarna.chandrasekar.ext@bayer.com",
    "createdTime": 1628520883181,
    "updatedBy": "SONAIMETYA",
    "updatedTime": 1665473293010,
    "startRefPinned": false,
    "startRefIgnored": false,
    "endRefPinned": false,
    "endRefIgnored": false,
    "attributes": {
      "Country": [
        {
          "type": "configuration/relationTypes/StrengthToProduct/attributes/Country",
          "ov": true,
          "value": "United Kingdom",
          "lookupCode": "GB",
          "lookupValue": "United Kingdom",
          "uri": "relations/sKFI3bR/attributes/Country/1hjvwUgYH"
        }
      ]
    },
    "crosswalks": [
      {
        "uri": "relations/sKFI3bR/crosswalks/28sBkz6U9",
        "type": "configuration/sources/Reltio",
        "value": "sKFI3bR",
        "reltioLoadDate": "2021-08-09T14:54:43.181Z",
        "createDate": "2021-08-09T14:54:43.181Z",
        "updateDate": "2021-08-09T14:54:43.181Z",
        "attributes": [
          "relations/sKFI3bR/attributes/Country/1hjvwUgYH"
        ],
        "singleAttributeUpdateDates": {
          "relations/sKFI3bR/attributes/Country/1hjvwUgYH": "2022-10-11T07:28:13.010Z"
        }
      }
    ],
    "startObject": {
      "type": "configuration/entityTypes/ProductGroup",
      "objectURI": "entities/10r2qyDG",
      "label": "Avaden, 28 Ftb (Strength)",
      "directionalLabel": "has product",
      "crosswalks": [
        {
          "uri": "entities/10r2qyDG/crosswalks/2dRy7hYk1",
          "type": "configuration/sources/Reltio",
          "value": "10r2qyDG",
          "reltioLoadDate": "2021-08-09T07:44:37.446Z",
          "createDate": "2021-08-09T07:44:37.446Z",
          "updateDate": "2021-08-09T07:44:37.446Z",
          "attributes": [],
          "singleAttributeUpdateDates": {}
        }
      ]
    },
    "endObject": {
      "type": "configuration/entityTypes/MedicinalProduct",
      "objectURI": "entities/14KHHZYR",
      "label": "(GB) - CANESTEN OASIS CYSTITIS REL 4G 6 5.57G SACH",
      "directionalLabel": "is under strength",
      "crosswalks": [
        {
          "uri": "entities/14KHHZYR/crosswalks/273n5KSgS",
          "type": "configuration/sources/Reltio",
          "value": "14KHHZYR",
          "reltioLoadDate": "2021-08-09T14:42:07.664Z",
          "createDate": "2021-08-09T14:42:07.664Z",
          "updateDate": "2021-08-09T14:42:07.664Z",
          "attributes": [
            "entities/14KHHZYR/attributes/Identifiers/1i6DlbjGl/CountryCode/cfmnrGLC",
            "entities/14KHHZYR/attributes/Identifiers/2olu8Cq3H",
            "entities/14KHHZYR/attributes/Identifiers/1i6DlbjGl",
            "entities/14KHHZYR/attributes/Identifiers/2olu8Cq3H/CountryCode/cfmnrKbS"
          ],
          "singleAttributeUpdateDates": {
            "entities/14KHHZYR/attributes/Identifiers/1i6DlbjGl/CountryCode/cfmnrGLC": "2022-10-11T07:30:33.878Z",
            "entities/14KHHZYR/attributes/Identifiers/2olu8Cq3H": "2022-10-11T07:30:33.878Z",
            "entities/14KHHZYR/attributes/Identifiers/1i6DlbjGl": "2022-10-11T07:30:33.878Z",
            "entities/14KHHZYR/attributes/Identifiers/2olu8Cq3H/CountryCode/cfmnrKbS": "2022-10-11T07:30:33.878Z"
          }
        }
      ]
    }
  },
  {
    "uri": "relations/1CnJxg0y",
    "type": "configuration/relationTypes/StrengthToProduct",
    "createdBy": "EKRGP@bayer.com",
    "createdTime": 1629360201592,
    "updatedBy": "SONAIMETYA",
    "updatedTime": 1665473293010,
    "endDate": 1629324000000,
    "startDate": 1629237600000,
    "startRefPinned": false,
    "startRefIgnored": false,
    "endRefPinned": false,
    "endRefIgnored": false,
    "attributes": {
      "Country": [
        {
          "type": "configuration/relationTypes/StrengthToProduct/attributes/Country",
          "ov": true,
          "value": "United Kingdom",
          "lookupCode": "GB",
          "lookupValue": "United Kingdom",
          "uri": "relations/1CnJxg0y/attributes/Country/1hjvwUp4n"
        }
      ]
    },
    "crosswalks": [
      {
        "uri": "relations/1CnJxg0y/crosswalks/3XvbgLvRM",
        "type": "configuration/sources/Reltio",
        "value": "1CnJxg0y",
        "reltioLoadDate": "2021-08-19T08:07:33.451Z",
        "createDate": "2021-08-19T08:03:21.592Z",
        "updateDate": "2021-08-19T08:03:21.592Z",
        "attributes": [
          "relations/1CnJxg0y/attributes/Country/1hjvwUp4n"
        ],
        "singleAttributeUpdateDates": {
          "relations/1CnJxg0y/attributes/Country/1hjvwUp4n": "2022-10-11T07:28:13.010Z"
        }
      }
    ],
    "startObject": {
      "type": "configuration/entityTypes/ProductGroup",
      "objectURI": "entities/qo6UDGD",
      "label": "Androcur Thera 50Mg (Strength)",
      "directionalLabel": "has product",
      "crosswalks": [
        {
          "uri": "entities/qo6UDGD/crosswalks/3XvbgLzhc",
          "type": "configuration/sources/Reltio",
          "value": "qo6UDGD",
          "reltioLoadDate": "2021-08-19T08:03:21.592Z",
          "createDate": "2021-08-19T08:03:21.592Z",
          "updateDate": "2021-08-19T08:03:21.592Z",
          "attributes": [],
          "singleAttributeUpdateDates": {}
        }
      ]
    },
    "endObject": {
      "type": "configuration/entityTypes/MedicinalProduct",
      "objectURI": "entities/14KHHmLD",
      "label": "(GB) - MAG SULPH TY+ INF VIAL 50% 10 50ML",
      "directionalLabel": "is under strength",
      "crosswalks": [
        {
          "uri": "entities/14KHHmLD/crosswalks/3XvbgM3xs",
          "type": "configuration/sources/Reltio",
          "value": "14KHHmLD",
          "reltioLoadDate": "2021-08-19T08:03:21.592Z",
          "createDate": "2021-08-19T08:03:21.592Z",
          "updateDate": "2021-08-19T08:03:21.592Z",
          "attributes": [
            "entities/14KHHmLD/attributes/Identifiers/1i6Dldvf1/CountryCode/cfmnrshW",
            "entities/14KHHmLD/attributes/Identifiers/1i6Dldvf1"
          ],
          "singleAttributeUpdateDates": {
            "entities/14KHHmLD/attributes/Identifiers/1i6Dldvf1/CountryCode/cfmnrshW": "2022-10-11T07:30:33.878Z",
            "entities/14KHHmLD/attributes/Identifiers/1i6Dldvf1": "2022-10-11T07:30:33.878Z"
          }
        }
      ]
    }
  },
  {
    "uri": "relations/17V7Y82u",
    "type": "configuration/relationTypes/StrengthToProduct",
    "createdBy": "suraj.krishnappa.ext@bayer.com",
    "createdTime": 1633103145280,
    "updatedBy": "SONAIMETYA",
    "updatedTime": 1665473293010,
    "startRefPinned": false,
    "startRefIgnored": false,
    "endRefPinned": false,
    "endRefIgnored": false,
    "attributes": {
      "Country": [
        {
          "type": "configuration/relationTypes/StrengthToProduct/attributes/Country",
          "ov": true,
          "value": "United Kingdom",
          "lookupCode": "GB",
          "lookupValue": "United Kingdom",
          "uri": "relations/17V7Y82u/attributes/Country/1hjvwULEz"
        }
      ]
    },
    "crosswalks": [
      {
        "uri": "relations/17V7Y82u/crosswalks/2uM1OapOu",
        "type": "configuration/sources/Reltio",
        "value": "17V7Y82u",
        "reltioLoadDate": "2021-10-01T15:45:45.280Z",
        "createDate": "2021-10-01T15:45:45.280Z",
        "updateDate": "2021-10-01T15:45:45.280Z",
        "attributes": [
          "relations/17V7Y82u/attributes/Country/1hjvwULEz"
        ],
        "singleAttributeUpdateDates": {
          "relations/17V7Y82u/attributes/Country/1hjvwULEz": "2022-10-11T07:28:13.010Z"
        }
      }
    ],
    "startObject": {
      "type": "configuration/entityTypes/ProductGroup",
      "objectURI": "entities/10r34AYo",
      "label": "PV .025 pfs 5x10ml (Strength)",
      "directionalLabel": "has product",
      "crosswalks": [
        {
          "uri": "entities/10r34AYo/crosswalks/2uM1OatfA",
          "type": "configuration/sources/Reltio",
          "value": "10r34AYo",
          "reltioLoadDate": "2021-10-01T15:45:45.280Z",
          "createDate": "2021-10-01T15:45:45.280Z",
          "updateDate": "2021-10-01T15:45:45.280Z",
          "attributes": [],
          "singleAttributeUpdateDates": {}
        }
      ]
    },
    "endObject": {
      "type": "configuration/entityTypes/MedicinalProduct",
      "objectURI": "entities/14KHHi4x",
      "label": "(GB) - ASPIRIN C2M TABS 75MG 28",
      "directionalLabel": "is under strength",
      "crosswalks": [
        {
          "uri": "entities/14KHHi4x/crosswalks/2uM1OaxvQ",
          "type": "configuration/sources/Reltio",
          "value": "14KHHi4x",
          "reltioLoadDate": "2021-10-01T15:45:45.280Z",
          "createDate": "2021-10-01T15:45:45.280Z",
          "updateDate": "2021-10-01T15:45:45.280Z",
          "attributes": [
            "entities/14KHHi4x/attributes/Identifiers/1i6DldAmB/CountryCode/cfmmXSI6",
            "entities/14KHHi4x/attributes/Identifiers/1i6DldAmB",
            "entities/14KHHi4x/attributes/Identifiers/37VrZGdVm",
            "entities/14KHHi4x/attributes/Identifiers/37VrZGdVm/CountryCode/cfmmXWYM"
          ],
          "singleAttributeUpdateDates": {
            "entities/14KHHi4x/attributes/Identifiers/1i6DldAmB/CountryCode/cfmmXSI6": "2022-10-11T07:30:33.878Z",
            "entities/14KHHi4x/attributes/Identifiers/1i6DldAmB": "2022-10-11T07:30:33.878Z",
            "entities/14KHHi4x/attributes/Identifiers/37VrZGdVm": "2022-10-11T07:30:33.878Z",
            "entities/14KHHi4x/attributes/Identifiers/37VrZGdVm/CountryCode/cfmmXWYM": "2022-10-11T07:30:33.878Z"
          }
        }
      ]
    }
  },
  {
    "uri": "relations/1dviWEMg",
    "type": "configuration/relationTypes/BrandToIndication",
    "createdBy": "bay_cph_cdp_reltio_technical_user_nprod",
    "createdTime": 1657889089704,
    "updatedBy": "saurabh.brijnathprasad.ext@bayer.com",
    "updatedTime": 1665473138559,
    "startRefPinned": false,
    "startRefIgnored": false,
    "endRefPinned": false,
    "endRefIgnored": false,
    "attributes": {
      "Name": [
        {
          "type": "configuration/relationTypes/BrandToIndication/attributes/Name",
          "ov": true,
          "value": "Gadobutrol [Gadovist / Gadavist] - Breast (IE)",
          "uri": "relations/1dviWEMg/attributes/Name/4Ptbnfsko"
        }
      ],
      "Country": [
        {
          "type": "configuration/relationTypes/BrandToIndication/attributes/Country",
          "ov": true,
          "value": "Ireland",
          "lookupCode": "IE",
          "lookupValue": "Ireland",
          "uri": "relations/1dviWEMg/attributes/Country/4PtbnfoUY"
        }
      ],
      "Identifiers": [
        {
          "label": "Veeva External ID Gadobutrol [Gadovist / Gadavist] - Breast::IE",
          "value": {
            "Type": [
              {
                "type": "configuration/relationTypes/BrandToIndication/attributes/Identifiers/attributes/Type",
                "ov": true,
                "value": "Veeva External ID",
                "lookupCode": "Veeva External ID",
                "lookupValue": "Veeva External ID",
                "uri": "relations/1dviWEMg/attributes/Identifiers/15s2DpCTI/Type/15s2DpGjY"
              }
            ],
            "CountryCode": [
              {
                "type": "configuration/relationTypes/BrandToIndication/attributes/Identifiers/attributes/CountryCode",
                "ov": true,
                "value": "Ireland",
                "lookupCode": "IE",
                "lookupValue": "Ireland",
                "uri": "relations/1dviWEMg/attributes/Identifiers/15s2DpCTI/CountryCode/15s2DpPG4"
              }
            ],
            "ID": [
              {
                "type": "configuration/relationTypes/BrandToIndication/attributes/Identifiers/attributes/ID",
                "ov": true,
                "value": "Gadobutrol [Gadovist / Gadavist] - Breast::IE",
                "uri": "relations/1dviWEMg/attributes/Identifiers/15s2DpCTI/ID/15s2DpKzo"
              }
            ]
          },
          "ov": true,
          "uri": "relations/1dviWEMg/attributes/Identifiers/15s2DpCTI"
        },
        {
          "label": "Veeva ID a001r000012x3v0AAA",
          "value": {
            "Type": [
              {
                "type": "configuration/relationTypes/BrandToIndication/attributes/Identifiers/attributes/Type",
                "ov": true,
                "value": "Veeva ID",
                "lookupCode": "Veeva ID",
                "lookupValue": "Veeva ID",
                "uri": "relations/1dviWEMg/attributes/Identifiers/15s2DovQG/Type/15s2DozgW"
              }
            ],
            "CountryCode": [
              {
                "type": "configuration/relationTypes/BrandToIndication/attributes/Identifiers/attributes/CountryCode",
                "ov": true,
                "value": "Ireland",
                "lookupCode": "IE",
                "lookupValue": "Ireland",
                "uri": "relations/1dviWEMg/attributes/Identifiers/15s2DovQG/CountryCode/15s2Dp8D2"
              }
            ],
            "ID": [
              {
                "type": "configuration/relationTypes/BrandToIndication/attributes/Identifiers/attributes/ID",
                "ov": true,
                "value": "a001r000012x3v0AAA",
                "uri": "relations/1dviWEMg/attributes/Identifiers/15s2DovQG/ID/15s2Dp3wm"
              }
            ]
          },
          "ov": true,
          "uri": "relations/1dviWEMg/attributes/Identifiers/15s2DovQG"
        },
        {
          "label": "Veeva ID 234567",
          "value": {
            "Type": [
              {
                "type": "configuration/relationTypes/BrandToIndication/attributes/Identifiers/attributes/Type",
                "ov": true,
                "value": "Veeva ID",
                "lookupCode": "Veeva ID",
                "lookupValue": "Veeva ID",
                "uri": "relations/1dviWEMg/attributes/Identifiers/4G79bCfcV/Type/4G79bCjsl"
              }
            ],
            "CountryCode": [
              {
                "type": "configuration/relationTypes/BrandToIndication/attributes/Identifiers/attributes/CountryCode",
                "ov": true,
                "value": "Norway",
                "lookupCode": "NO",
                "lookupValue": "Norway",
                "uri": "relations/1dviWEMg/attributes/Identifiers/4G79bCfcV/CountryCode/4G79bCo91"
              }
            ],
            "ID": [
              {
                "type": "configuration/relationTypes/BrandToIndication/attributes/Identifiers/attributes/ID",
                "ov": true,
                "value": "234567",
                "uri": "relations/1dviWEMg/attributes/Identifiers/4G79bCfcV/ID/4G79bCsPH"
              }
            ]
          },
          "ov": true,
          "uri": "relations/1dviWEMg/attributes/Identifiers/4G79bCfcV"
        }
      ]
    },
    "crosswalks": [
      {
        "uri": "relations/1dviWEMg/crosswalks/4G79bCwfX",
        "type": "configuration/sources/Reltio",
        "value": "1dviWEMg",
        "reltioLoadDate": "2022-10-11T07:25:38.559Z",
        "createDate": "2022-10-11T07:25:38.559Z",
        "updateDate": "2022-10-11T07:25:38.559Z",
        "attributes": [
          "relations/1dviWEMg/attributes/Identifiers/4G79bCfcV/Type/4G79bCjsl",
          "relations/1dviWEMg/attributes/Identifiers/4G79bCfcV",
          "relations/1dviWEMg/attributes/Identifiers/4G79bCfcV/CountryCode/4G79bCo91",
          "relations/1dviWEMg/attributes/Identifiers/4G79bCfcV/ID/4G79bCsPH"
        ],
        "singleAttributeUpdateDates": {
          "relations/1dviWEMg/attributes/Identifiers/4G79bCfcV/Type/4G79bCjsl": "2022-10-11T07:25:38.559Z",
          "relations/1dviWEMg/attributes/Identifiers/4G79bCfcV": "2022-10-11T07:25:38.559Z",
          "relations/1dviWEMg/attributes/Identifiers/4G79bCfcV/CountryCode/4G79bCo91": "2022-10-11T07:25:38.559Z",
          "relations/1dviWEMg/attributes/Identifiers/4G79bCfcV/ID/4G79bCsPH": "2022-10-11T07:25:38.559Z"
        }
      },
      {
        "uri": "relations/1dviWEMg/crosswalks/4PtbngMac",
        "type": "configuration/sources/Veeva",
        "value": "a001r000012x4AUAAY:IE|a001r000012x3v0AAA:IE|Breast:IE",
        "reltioLoadDate": "2022-07-18T10:33:10.672Z",
        "createDate": "2022-07-15T12:44:49.704Z",
        "updateDate": "2022-07-15T12:44:49.704Z",
        "attributes": [
          "relations/1dviWEMg/attributes/Country/4PtbnfoUY",
          "relations/1dviWEMg/attributes/Identifiers/15s2DpCTI",
          "relations/1dviWEMg/attributes/Identifiers/15s2DovQG/ID/15s2Dp3wm",
          "relations/1dviWEMg/attributes/Name/4Ptbnfsko",
          "relations/1dviWEMg/attributes/Identifiers/15s2DovQG/Type/15s2DozgW",
          "relations/1dviWEMg/attributes/Identifiers/15s2DovQG",
          "relations/1dviWEMg/attributes/Identifiers/15s2DpCTI/CountryCode/15s2DpPG4",
          "relations/1dviWEMg/attributes/Identifiers/15s2DpCTI/ID/15s2DpKzo",
          "relations/1dviWEMg/attributes/Identifiers/15s2DpCTI/Type/15s2DpGjY",
          "relations/1dviWEMg/attributes/Identifiers/15s2DovQG/CountryCode/15s2Dp8D2"
        ],
        "singleAttributeUpdateDates": {
          "relations/1dviWEMg/attributes/Identifiers/15s2DpCTI": "2022-07-18T10:33:10.672Z",
          "relations/1dviWEMg/attributes/Identifiers/15s2DovQG/ID/15s2Dp3wm": "2022-07-18T10:33:10.672Z",
          "relations/1dviWEMg/attributes/Identifiers/15s2DovQG/Type/15s2DozgW": "2022-07-18T10:33:10.672Z",
          "relations/1dviWEMg/attributes/Identifiers/15s2DovQG": "2022-07-18T10:33:10.672Z",
          "relations/1dviWEMg/attributes/Identifiers/15s2DpCTI/CountryCode/15s2DpPG4": "2022-07-18T10:33:10.672Z",
          "relations/1dviWEMg/attributes/Identifiers/15s2DpCTI/ID/15s2DpKzo": "2022-07-18T10:33:10.672Z",
          "relations/1dviWEMg/attributes/Identifiers/15s2DpCTI/Type/15s2DpGjY": "2022-07-18T10:33:10.672Z",
          "relations/1dviWEMg/attributes/Identifiers/15s2DovQG/CountryCode/15s2Dp8D2": "2022-07-18T10:33:10.672Z"
        }
      }
    ],
    "startObject": {
      "type": "configuration/entityTypes/ProductGroup",
      "objectURI": "entities/1uBHHosA",
      "label": "Gadobutrol [Gadovist / Gadavist] (IE) (Brand)",
      "directionalLabel": "has indication",
      "crosswalks": [
        {
          "uri": "entities/1uBHHosA/crosswalks/4B9mmiOS6",
          "type": "configuration/sources/Veeva",
          "value": "a001r000012x4AUAAY:IE",
          "reltioLoadDate": "2022-07-18T10:33:01.323Z",
          "createDate": "2022-07-15T12:44:45.611Z",
          "updateDate": "2022-07-15T12:44:45.611Z",
          "attributes": [
            "entities/1uBHHosA/attributes/IsMedicalProduct/4B9mmhm5m",
            "entities/1uBHHosA/attributes/Identifiers/3IHJDbH78/ID/3IHJDbPde",
            "entities/1uBHHosA/attributes/Name/4B9mmhqM2",
            "entities/1uBHHosA/attributes/Identifiers/3IHJDbH78/CountryCode/3IHJDbTtu",
            "entities/1uBHHosA/attributes/Type/4B9mmhucI",
            "entities/1uBHHosA/attributes/Identifiers/3IHJDbYAA/Type/3IHJDbcQQ",
            "entities/1uBHHosA/attributes/Identifiers/3IHJDbH78",
            "entities/1uBHHosA/attributes/Identifiers/3IHJDbYAA",
            "entities/1uBHHosA/attributes/Identifiers/3IHJDbYAA/ID/3IHJDbggg",
            "entities/1uBHHosA/attributes/Identifiers/3IHJDbH78/Type/3IHJDbLNO",
            "entities/1uBHHosA/attributes/Identifiers/3IHJDbYAA/CountryCode/3IHJDbkww"
          ],
          "singleAttributeUpdateDates": {
            "entities/1uBHHosA/attributes/Identifiers/3IHJDbH78/ID/3IHJDbPde": "2022-07-18T10:33:01.323Z",
            "entities/1uBHHosA/attributes/Identifiers/3IHJDbH78/CountryCode/3IHJDbTtu": "2022-07-18T10:33:01.323Z",
            "entities/1uBHHosA/attributes/Identifiers/3IHJDbYAA/Type/3IHJDbcQQ": "2022-07-18T10:33:01.323Z",
            "entities/1uBHHosA/attributes/Identifiers/3IHJDbH78": "2022-07-18T10:33:01.323Z",
            "entities/1uBHHosA/attributes/Identifiers/3IHJDbYAA": "2022-07-18T10:33:01.323Z",
            "entities/1uBHHosA/attributes/Identifiers/3IHJDbYAA/ID/3IHJDbggg": "2022-07-18T10:33:01.323Z",
            "entities/1uBHHosA/attributes/Identifiers/3IHJDbH78/Type/3IHJDbLNO": "2022-07-18T10:33:01.323Z",
            "entities/1uBHHosA/attributes/Identifiers/3IHJDbYAA/CountryCode/3IHJDbkww": "2022-07-18T10:33:01.323Z"
          }
        },
        {
          "uri": "entities/1uBHHosA/crosswalks/4G79bD0vn",
          "type": "configuration/sources/Reltio",
          "value": "1uBHHosA",
          "reltioLoadDate": "2022-10-11T07:25:38.559Z",
          "createDate": "2022-10-11T07:25:38.559Z",
          "updateDate": "2022-10-11T07:25:38.559Z",
          "attributes": [],
          "singleAttributeUpdateDates": {}
        }
      ]
    },
    "endObject": {
      "type": "configuration/entityTypes/ProductGroup",
      "objectURI": "entities/mcs2YXV",
      "label": "Breast (Indication)",
      "directionalLabel": "is under brand",
      "crosswalks": [
        {
          "uri": "entities/mcs2YXV/crosswalks/4QadtXzTQ",
          "type": "configuration/sources/Reltio",
          "value": "mcs2YXV",
          "reltioLoadDate": "2022-07-26T13:54:16.262Z",
          "createDate": "2022-07-26T13:54:16.262Z",
          "updateDate": "2022-07-26T13:54:16.262Z",
          "attributes": [],
          "singleAttributeUpdateDates": {}
        },
        {
          "uri": "entities/mcs2YXV/crosswalks/4B9mn70KU",
          "type": "configuration/sources/Veeva",
          "value": "Breast:IE",
          "reltioLoadDate": "2022-07-15T12:44:45.820Z",
          "createDate": "2022-07-15T12:44:45.820Z",
          "updateDate": "2022-07-15T12:44:45.820Z",
          "attributes": [
            "entities/mcs2YXV/attributes/Name/1BofTNrxV",
            "entities/mcs2YXV/attributes/Type/1BofTNjQz"
          ],
          "singleAttributeUpdateDates": {}
        }
      ]
    }
  },
  {
    "uri": "relations/1BflLT6o",
    "type": "configuration/relationTypes/CountryToBrand",
    "createdBy": "bay_cph_cdp_reltio_technical_user_nprod",
    "createdTime": 1658216784699,
    "updatedBy": "saurabh.brijnathprasad.ext@bayer.com",
    "updatedTime": 1665500766364,
    "startRefPinned": false,
    "startRefIgnored": false,
    "endRefPinned": false,
    "endRefIgnored": false,
    "attributes": {},
    "crosswalks": [
      {
        "uri": "relations/1BflLT6o/crosswalks/3cKVO5F3K",
        "type": "configuration/sources/Veeva",
        "value": "DK|a001v00002RqEBWAA3:DK",
        "reltioLoadDate": "2022-07-19T07:46:24.699Z",
        "createDate": "2022-07-19T07:46:24.699Z",
        "updateDate": "2022-07-19T07:46:24.699Z",
        "attributes": [],
        "singleAttributeUpdateDates": {}
      }
    ],
    "startObject": {
      "type": "configuration/entityTypes/ProductGroup",
      "objectURI": "entities/1FAHvk1x",
      "label": "Denmark (Country)",
      "directionalLabel": "has brand",
      "crosswalks": [
        {
          "uri": "entities/1FAHvk1x/crosswalks/2s6ixdtCz",
          "type": "configuration/sources/MasterDataBrandExcel",
          "value": "DK",
          "reltioLoadDate": "2022-07-19T05:54:01.768Z",
          "createDate": "2022-07-19T05:54:01.768Z",
          "updateDate": "2022-07-19T05:54:01.768Z",
          "attributes": [
            "entities/1FAHvk1x/attributes/Type/2s6ixdkgT",
            "entities/1FAHvk1x/attributes/Name/2s6ixdgQD"
          ],
          "singleAttributeUpdateDates": {}
        }
      ]
    },
    "endObject": {
      "type": "configuration/entityTypes/ProductGroup",
      "objectURI": "entities/139eEVyT",
      "label": "Nitrendipine [Bayotensin] (DK) (Brand)",
      "directionalLabel": "is under country",
      "crosswalks": [
        {
          "uri": "entities/139eEVyT/crosswalks/1fuQw6AIX",
          "type": "configuration/sources/Veeva",
          "value": "a001v00002RqEBWAA3:DK",
          "reltioLoadDate": "2022-07-18T10:26:00.824Z",
          "createDate": "2022-07-15T15:04:55.458Z",
          "updateDate": "2022-07-15T15:04:55.458Z",
          "attributes": [
            "entities/139eEVyT/attributes/Identifiers/3RCXAigsK",
            "entities/139eEVyT/attributes/Name/3RCXAixvM",
            "entities/139eEVyT/attributes/Identifiers/3RCXAiPpI/ID/3RCXAiYLo",
            "entities/139eEVyT/attributes/Type/2B5VS3tKL",
            "entities/139eEVyT/attributes/Identifiers/3RCXAigsK/ID/3RCXAipOq",
            "entities/139eEVyT/attributes/Identifiers/3RCXAigsK/Type/3RCXAil8a",
            "entities/139eEVyT/attributes/Identifiers/3RCXAiPpI/CountryCode/3RCXAicc4",
            "entities/139eEVyT/attributes/Identifiers/3RCXAigsK/CountryCode/3RCXAitf6",
            "entities/139eEVyT/attributes/IsMedicalProduct/2B5VS3knp",
            "entities/139eEVyT/attributes/Identifiers/3RCXAiPpI",
            "entities/139eEVyT/attributes/Identifiers/3RCXAiPpI/Type/3RCXAiU5Y"
          ],
          "singleAttributeUpdateDates": {
            "entities/139eEVyT/attributes/Identifiers/3RCXAigsK": "2022-07-18T10:26:00.824Z",
            "entities/139eEVyT/attributes/Identifiers/3RCXAiPpI/ID/3RCXAiYLo": "2022-07-18T10:26:00.824Z",
            "entities/139eEVyT/attributes/Identifiers/3RCXAigsK/ID/3RCXAipOq": "2022-07-18T10:26:00.824Z",
            "entities/139eEVyT/attributes/Identifiers/3RCXAigsK/Type/3RCXAil8a": "2022-07-18T10:26:00.824Z",
            "entities/139eEVyT/attributes/Identifiers/3RCXAiPpI/CountryCode/3RCXAicc4": "2022-07-18T10:26:00.824Z",
            "entities/139eEVyT/attributes/Identifiers/3RCXAigsK/CountryCode/3RCXAitf6": "2022-07-18T10:26:00.824Z",
            "entities/139eEVyT/attributes/Identifiers/3RCXAiPpI": "2022-07-18T10:26:00.824Z",
            "entities/139eEVyT/attributes/Identifiers/3RCXAiPpI/Type/3RCXAiU5Y": "2022-07-18T10:26:00.824Z"
          }
        }
      ]
    }
  },
  {
    "uri": "relations/12dT5hf4",
    "type": "configuration/relationTypes/MarketToBrand",
    "createdBy": "EHJKS@bayer.com",
    "createdTime": 1665493996860,
    "updatedBy": "EHJKS@bayer.com",
    "updatedTime": 1665493996860,
    "startRefPinned": false,
    "startRefIgnored": false,
    "endRefPinned": false,
    "endRefIgnored": false,
    "attributes": {},
    "crosswalks": [
      {
        "uri": "relations/12dT5hf4/crosswalks/ZgWKvkqw",
        "type": "configuration/sources/Reltio",
        "value": "12dT5hf4",
        "reltioLoadDate": "2022-10-11T13:13:16.860Z",
        "createDate": "2022-10-11T13:13:16.860Z",
        "updateDate": "2022-10-11T13:13:16.860Z",
        "attributes": [],
        "singleAttributeUpdateDates": {}
      }
    ],
    "startObject": {
      "type": "configuration/entityTypes/ProductGroup",
      "objectURI": "entities/14KjVd3z",
      "label": "PREGABALIN ECI (Strength)",
      "directionalLabel": "has brand",
      "crosswalks": [
        {
          "uri": "entities/14KjVd3z/crosswalks/ZgWKvp7C",
          "type": "configuration/sources/Reltio",
          "value": "14KjVd3z",
          "reltioLoadDate": "2022-10-11T13:13:16.860Z",
          "createDate": "2022-10-11T13:13:16.860Z",
          "updateDate": "2022-10-11T13:13:16.860Z",
          "attributes": [],
          "singleAttributeUpdateDates": {}
        }
      ]
    },
    "endObject": {
      "type": "configuration/entityTypes/ProductGroup",
      "objectURI": "entities/015et6a",
      "label": "Moxifloxacin [Avelox] (HR) (Brand)",
      "directionalLabel": "is under market",
      "crosswalks": [
        {
          "uri": "entities/015et6a/crosswalks/1EZLi0x9n",
          "type": "configuration/sources/Reltio",
          "value": "015et6a",
          "reltioLoadDate": "2022-10-11T08:37:23.702Z",
          "createDate": "2022-10-11T08:37:23.702Z",
          "updateDate": "2022-10-11T08:37:23.702Z",
          "attributes": [
            "entities/015et6a/attributes/Status/1EZLi19wZ",
            "entities/015et6a/attributes/SFMCCode/1EZLi11Q3"
          ],
          "singleAttributeUpdateDates": {
            "entities/015et6a/attributes/Status/1EZLi19wZ": "2022-10-11T08:37:23.702Z",
            "entities/015et6a/attributes/SFMCCode/1EZLi11Q3": "2022-10-11T08:37:23.702Z"
          }
        }
      ]
    }
  },
  {
    "uri": "relations/1BYKrhLj",
    "type": "configuration/relationTypes/BrandToIndication",
    "createdBy": "saurabh.brijnathprasad.ext@bayer.com",
    "createdTime": 1665500660089,
    "updatedBy": "saurabh.brijnathprasad.ext@bayer.com",
    "updatedTime": 1665500766364,
    "startRefPinned": false,
    "startRefIgnored": false,
    "endRefPinned": false,
    "endRefIgnored": false,
    "attributes": {
      "Country": [
        {
          "type": "configuration/relationTypes/BrandToIndication/attributes/Country",
          "ov": true,
          "value": "Denmark",
          "lookupCode": "DK",
          "lookupValue": "Denmark",
          "uri": "relations/1BYKrhLj/attributes/Country/4G79kwBi3"
        }
      ],
      "Identifiers": [
        {
          "label": "Veeva ID 876543",
          "value": {
            "Type": [
              {
                "type": "configuration/relationTypes/BrandToIndication/attributes/Identifiers/attributes/Type",
                "ov": true,
                "value": "Veeva ID",
                "lookupCode": "Veeva ID",
                "lookupValue": "Veeva ID",
                "uri": "relations/1BYKrhLj/attributes/Identifiers/4G79kwFyJ/Type/4G79kwKEZ"
              }
            ],
            "ID": [
              {
                "type": "configuration/relationTypes/BrandToIndication/attributes/Identifiers/attributes/ID",
                "ov": true,
                "value": "876543",
                "uri": "relations/1BYKrhLj/attributes/Identifiers/4G79kwFyJ/ID/4G79kwOUp"
              }
            ]
          },
          "ov": true,
          "uri": "relations/1BYKrhLj/attributes/Identifiers/4G79kwFyJ"
        }
      ]
    },
    "crosswalks": [
      {
        "uri": "relations/1BYKrhLj/crosswalks/4G79kwSl5",
        "type": "configuration/sources/Reltio",
        "value": "1BYKrhLj",
        "reltioLoadDate": "2022-10-11T15:04:20.089Z",
        "createDate": "2022-10-11T15:04:20.089Z",
        "updateDate": "2022-10-11T15:04:20.089Z",
        "attributes": [
          "relations/1BYKrhLj/attributes/Country/4G79kwBi3",
          "relations/1BYKrhLj/attributes/Identifiers/4G79kwFyJ",
          "relations/1BYKrhLj/attributes/Identifiers/4G79kwFyJ/ID/4G79kwOUp",
          "relations/1BYKrhLj/attributes/Identifiers/4G79kwFyJ/Type/4G79kwKEZ"
        ],
        "singleAttributeUpdateDates": {}
      }
    ],
    "startObject": {
      "type": "configuration/entityTypes/ProductGroup",
      "objectURI": "entities/139eEVyT",
      "label": "Nitrendipine [Bayotensin] (DK) (Brand)",
      "directionalLabel": "has indication",
      "crosswalks": [
        {
          "uri": "entities/139eEVyT/crosswalks/4G79kwX1L",
          "type": "configuration/sources/Reltio",
          "value": "12swTwtZ",
          "reltioLoadDate": "2022-10-11T15:04:20.073Z",
          "createDate": "2022-10-11T15:04:20.089Z",
          "updateDate": "2022-10-11T15:04:20.089Z",
          "attributes": [
            "entities/139eEVyT/attributes/AdditionalAttribute/3RCXAktGa/Type/3RCXAkxWq",
            "entities/139eEVyT/attributes/AdditionalAttribute/3RCXAktGa",
            "entities/139eEVyT/attributes/Manufacturer/3RCXAl63M",
            "entities/139eEVyT/attributes/AlternateName/3RCXAlAJc/Name/3RCXAlIq8",
            "entities/139eEVyT/attributes/AlternateName/3RCXAlAJc/Country/3RCXAlEZs",
            "entities/139eEVyT/attributes/Identifiers/3RCXAlN6O",
            "entities/139eEVyT/attributes/SFMCCode/3RCXAlZtA",
            "entities/139eEVyT/attributes/Identifiers/3RCXAlN6O/ID/3RCXAlVcu",
            "entities/139eEVyT/attributes/AdditionalAttribute/3RCXAktGa/Value/3RCXAl1n6",
            "entities/139eEVyT/attributes/AlternateName/3RCXAlAJc",
            "entities/139eEVyT/attributes/Identifiers/3RCXAlN6O/Type/3RCXAlRMe"
          ],
          "singleAttributeUpdateDates": {}
        }
      ]
    },
    "endObject": {
      "type": "configuration/entityTypes/ProductGroup",
      "objectURI": "entities/1lrDvbcP",
      "label": "Indication1 (Indication)",
      "directionalLabel": "is under brand",
      "crosswalks": [
        {
          "uri": "entities/1lrDvbcP/crosswalks/3iQvihYwj",
          "type": "configuration/sources/Reltio",
          "value": "1lrDvbcP",
          "reltioLoadDate": "2022-08-04T09:33:04.685Z",
          "createDate": "2022-07-30T12:21:18.761Z",
          "updateDate": "2022-07-30T12:21:18.761Z",
          "attributes": [
            "entities/1lrDvbcP/attributes/Type/3iQvihQQD",
            "entities/1lrDvbcP/attributes/IsInternalProduct/3iQvihUgT",
            "entities/1lrDvbcP/attributes/Identifiers/POs1TUFG/Type/POs1TYVW",
            "entities/1lrDvbcP/attributes/Identifiers/3eUGOuZNs",
            "entities/1lrDvbcP/attributes/Name/3iQvihM9x",
            "entities/1lrDvbcP/attributes/Identifiers/3eUGOuZNs/ID/3eUGOuhuO",
            "entities/1lrDvbcP/attributes/Identifiers/POs1TUFG/ID/POs1Tclm",
            "entities/1lrDvbcP/attributes/Identifiers/POs1TUFG",
            "entities/1lrDvbcP/attributes/Identifiers/3eUGOuZNs/Type/3eUGOude8"
          ],
          "singleAttributeUpdateDates": {
            "entities/1lrDvbcP/attributes/Identifiers/POs1TUFG/Type/POs1TYVW": "2022-08-04T09:33:04.685Z",
            "entities/1lrDvbcP/attributes/Identifiers/3eUGOuZNs": "2022-08-04T09:15:14.524Z",
            "entities/1lrDvbcP/attributes/Identifiers/3eUGOuZNs/ID/3eUGOuhuO": "2022-08-04T09:15:14.524Z",
            "entities/1lrDvbcP/attributes/Identifiers/POs1TUFG/ID/POs1Tclm": "2022-08-04T09:33:04.685Z",
            "entities/1lrDvbcP/attributes/Identifiers/POs1TUFG": "2022-08-04T09:33:04.685Z",
            "entities/1lrDvbcP/attributes/Identifiers/3eUGOuZNs/Type/3eUGOude8": "2022-08-04T09:15:14.524Z"
          }
        }
      ]
    }
  }
]