[
   {
      "uri":"entities/qyPXOOh",
      "type":"configuration/entityTypes/HCO",
      "createdBy":"bay_cph_cdp_reltio_technical_user_nprod",
      "createdTime":1656317333543,
      "updatedBy":"bay_cph_cdp_reltio_technical_user_nprod",
      "updatedTime":1656317333543,
      "attributes":{
         "CountryCode":[
            {
               "type":"configuration/entityTypes/HCO/attributes/CountryCode",
               "ov":true,
               "value":"PR of China",
               "lookupError":"1003: RDM canonical value mapping not found for value [PR of China] and source [SAP] in tenant [V5obBdE65Xg741w]",
               "uri":"entities/qyPXOOh/attributes/CountryCode/1uHtA6MHT"
            }
         ],
         "Name":[
            {
               "type":"configuration/entityTypes/HCO/attributes/Name",
               "ov":true,
               "value":"Yunnan Shengke Yaoye",
               "uri":"entities/qyPXOOh/attributes/Name/1uHtA6QXj"
            }
         ],
         "DoingBusinessAsName":[
            {
               "type":"configuration/entityTypes/HCO/attributes/DoingBusinessAsName",
               "ov":true,
               "value":"SHENGKE",
               "uri":"entities/qyPXOOh/attributes/DoingBusinessAsName/1uHtA6I1D"
            }
         ],
         "Addresses":[
            {
               "label":"Kunming, China",
               "value":{
                  "City":[
                     {
                        "type":"configuration/entityTypes/HCO/attributes/Addresses/attributes/City",
                        "ov":true,
                        "value":"Kunming",
                        "uri":"entities/qyPXOOh/attributes/Addresses/1uHtA6hal/City/1uHtA6q7H"
                     }
                  ],
                  "Country":[
                     {
                        "type":"configuration/entityTypes/HCO/attributes/Addresses/attributes/Country",
                        "ov":true,
                        "value":"China",
                        "lookupCode":"CN",
                        "lookupValue":"China",
                        "uri":"entities/qyPXOOh/attributes/Addresses/1uHtA6hal/Country/1uHtA6lr1"
                     }
                  ]
               },
               "ov":true,
               "uri":"entities/qyPXOOh/attributes/Addresses/1uHtA6hal"
            }
         ],
         "Identifiers":[
            {
               "label":"SAP ID - 0004550190",
               "value":{
                  "Type":[
                     {
                        "type":"configuration/entityTypes/HCO/attributes/Identifiers/attributes/Type",
                        "ov":true,
                        "value":"SAP ID",
                        "lookupCode":"SAP ID",
                        "lookupValue":"SAP ID",
                        "uri":"entities/qyPXOOh/attributes/Identifiers/1uHtA6Unz/Type/1uHtA6Z4F"
                     }
                  ],
                  "ID":[
                     {
                        "type":"configuration/entityTypes/HCO/attributes/Identifiers/attributes/ID",
                        "ov":true,
                        "value":"0004550190",
                        "uri":"entities/qyPXOOh/attributes/Identifiers/1uHtA6Unz/ID/1uHtA6dKV"
                     }
                  ]
               },
               "ov":true,
               "uri":"entities/qyPXOOh/attributes/Identifiers/1uHtA6Unz"
            }
         ]
      },
      "crosswalks":[
         {
            "uri":"entities/qyPXOOh/crosswalks/1uHtA6uNX",
            "type":"configuration/sources/SAP",
            "value":"HCO:0004550190",
            "reltioLoadDate":"2022-06-27T08:08:53.543Z",
            "createDate":"2022-06-27T08:08:53.543Z",
            "updateDate":"2022-06-27T08:08:53.543Z",
            "attributes":[
               "entities/qyPXOOh/attributes/DoingBusinessAsName/1uHtA6I1D",
               "entities/qyPXOOh/attributes/Identifiers/1uHtA6Unz/Type/1uHtA6Z4F",
               "entities/qyPXOOh/attributes/Addresses/1uHtA6hal/Country/1uHtA6lr1",
               "entities/qyPXOOh/attributes/CountryCode/1uHtA6MHT",
               "entities/qyPXOOh/attributes/Identifiers/1uHtA6Unz/ID/1uHtA6dKV",
               "entities/qyPXOOh/attributes/Name/1uHtA6QXj",
               "entities/qyPXOOh/attributes/Addresses/1uHtA6hal",
               "entities/qyPXOOh/attributes/Addresses/1uHtA6hal/City/1uHtA6q7H",
               "entities/qyPXOOh/attributes/Identifiers/1uHtA6Unz"
            ],
            "singleAttributeUpdateDates":{
               
            }
         }
      ],
      "analyticsAttributes":{
         
      },
      "label":"Yunnan Shengke Yaoye",
      "secondaryLabel":"Kunming, China"
   }
]