﻿ID,uri,Type,Attributes.Country,Attributes.IsInternalProduct,Attributes.Name,Attributes.Type,Attributes.Identifiers.CountryCode,Attributes.Identifiers.ID,Attributes.Identifiers.Type,Attributes.Identifiers2.CountryCode,Attributes.Identifiers2.ID,Attributes.Identifiers2.Type,Crosswalks.Veeva.ID,updatedBy,updateDate,createdBy,createDate,endDate
071ZUS5,entities/071ZUS5,MedicinalProduct,India,TRUE,VERQUVO 2.5MG TAFI BLI 1X14 MS,Sample,India,88656334,SAP ID,India,a002u00000BJ9H7AAL,Veeva ID,a002u00000BJ9H7AAL:IN,saurabh.brijnathprasad.ext@bayer.com,7/30/2024 10:13,bay_cph_cdp_reltio_technical_user_prod,5/10/2023 6:35,
05bn76B,entities/05bn76B,MedicinalProduct,India,TRUE,VERQUVO 10MG TAFI BLI 1X14 MS,Sample,India,88656318,SAP ID,India,a002u00000BJ9HHAA1,Veeva ID,a002u00000BJ9HHAA1:IN,saurabh.brijnathprasad.ext@bayer.com,7/30/2024 10:13,bay_cph_cdp_reltio_technical_user_prod,5/10/2023 6:35,
05boLop,entities/05boLop,MedicinalProduct,India,TRUE,VERQUVO 5MG TAFI BLI 1X14 MS,Sample,India,88656326,SAP ID,India,a002u00000BJ9HCAA1,Veeva ID,a002u00000BJ9HCAA1:IN,saurabh.brijnathprasad.ext@bayer.com,7/30/2024 10:13,bay_cph_cdp_reltio_technical_user_prod,5/10/2023 6:35,
0T0dHS5,entities/0T0dHS5,MedicinalProduct,India,TRUE,KERENDIA 10MG TABL BLI 1X14 MS,Sample,India,88656334,SAP ID,India,a002u00000I2WgiAAF,Veeva ID,a002u00000I2WgiAAF:IN,saurabh.brijnathprasad.ext@bayer.com,7/30/2024 10:13,bay_cph_cdp_reltio_technical_user_prod,4/17/2024 8:04,
0T0dPyb,entities/0T0dPyb,MedicinalProduct,India,TRUE,KERENDIA 20MG TABL BLI 1X14 MS,Sample,India,88656326,SAP ID,India,a002u00000I2WgnAAF,Veeva ID,a002u00000I2WgnAAF:IN,saurabh.brijnathprasad.ext@bayer.com,7/30/2024 10:13,bay_cph_cdp_reltio_technical_user_prod,4/17/2024 8:04,
0T0dUEr,entities/0T0dUEr,MedicinalProduct,India,TRUE,QLAIRA TAFI BLI 1X28 MS,Sample,India,89884349,SAP ID,India,a002u00000I4kf9AAB,Veeva ID,a002u00000I4kf9AAB:IN,saurabh.brijnathprasad.ext@bayer.com,7/30/2024 10:13,bay_cph_cdp_reltio_technical_user_prod,4/17/2024 8:04,
1A3PsTT,entities/1A3PsTT,MedicinalProduct,Mexico,TRUE,ACTRON MM GEL,Sample,Mexico,84328111,SAP ID,Mexico,a004A00000ZPoWNQA1,Veeva ID,a004A00000ZPoWNQA1:MX,saurabh.brijnathprasad.ext@bayer.com,7/30/2024 10:13,bay_cph_cdp_reltio_technical_user_prod,4/17/2024 8:29,
1A3Q9WV,entities/1A3Q9WV,MedicinalProduct,Mexico,TRUE,FIRIALTA 20MG 1X14 MS,Sample,Mexico,89153824,SAP ID,Mexico,a004w00000a2NirAAE,Veeva ID,a004w00000a2NirAAE:MX,saurabh.brijnathprasad.ext@bayer.com,7/30/2024 10:13,bay_cph_cdp_reltio_technical_user_prod,4/17/2024 8:29,
1A3QDml,entities/1A3QDml,MedicinalProduct,Mexico,TRUE,ADEMPAS 1.5 MG 42TABL,Sample,Mexico,85018086,SAP ID,Mexico,a004A00000ZPoWQQA1,Veeva ID,a004A00000ZPoWQQA1:MX,saurabh.brijnathprasad.ext@bayer.com,7/30/2024 10:13,bay_cph_cdp_reltio_technical_user_prod,4/17/2024 8:29,
0eTlTa6,entities/0eTlTa6,MedicinalProduct,Mexico,TRUE,BAYCUTEN N CREMA 5G,Sample,Mexico,89135893,SAP ID,Mexico,a004w00000b3bl8AAA,Veeva ID,a004w00000b3bl8AAA:MX,saurabh.brijnathprasad.ext@bayer.com,7/30/2024 10:13,bay_cph_cdp_reltio_technical_user_prod,4/17/2024 8:29,
0eTmzLm,entities/0eTmzLm,MedicinalProduct,Mexico,TRUE,YASMIN 24/4 FTB 1X28 MM,Sample,Mexico,80638427,SAP ID,Mexico,a004A00000ZPoWpQAL,Veeva ID,a004A00000ZPoWpQAL:MX,saurabh.brijnathprasad.ext@bayer.com,7/30/2024 10:13,bay_cph_cdp_reltio_technical_user_prod,4/17/2024 8:29,
0eTnXRq,entities/0eTnXRq,MedicinalProduct,Mexico,TRUE,ADEMPAS 2 MG 42TABL,Sample,Mexico,85018515,SAP ID,Mexico,a004A00000ZPoWSQA1,Veeva ID,a004A00000ZPoWSQA1:MX,saurabh.brijnathprasad.ext@bayer.com,7/30/2024 10:13,bay_cph_cdp_reltio_technical_user_prod,4/17/2024 8:29,
0eToddy,entities/0eToddy,MedicinalProduct,Mexico,TRUE,XARELTO 15MG MM,Sample,Mexico,83430827,SAP ID,Mexico,a004A00000ZPoWlQAL,Veeva ID,a004A00000ZPoWlQAL:MX,saurabh.brijnathprasad.ext@bayer.com,7/30/2024 10:13,bay_cph_cdp_reltio_technical_user_prod,4/17/2024 8:29,
0kbaxuC,entities/0kbaxuC,MedicinalProduct,Mexico,TRUE,XARELTO 2.5 MG MM,Sample,Mexico,81161429,SAP ID,Mexico,a004A00000ZPoWmQAL,Veeva ID,a004A00000ZPoWmQAL:MX,saurabh.brijnathprasad.ext@bayer.com,7/30/2024 10:13,bay_cph_cdp_reltio_technical_user_prod,4/17/2024 8:29,
0kbdAIS,entities/0kbdAIS,MedicinalProduct,Mexico,TRUE,FIRIALTA 10MG TABL 2X14,Sample,Mexico,88258223,SAP ID,Mexico,a004w00000bg5TeAAI,Veeva ID,a004w00000bg5TeAAI:MX,saurabh.brijnathprasad.ext@bayer.com,7/30/2024 10:13,bay_cph_cdp_reltio_technical_user_prod,4/17/2024 8:29,
0kbdVbk,entities/0kbdVbk,MedicinalProduct,Mexico,TRUE,XARELTO 10MG X 5 COMP MM,Sample,Mexico,81192007,SAP ID,Mexico,a004A00000ZPoWkQAL,Veeva ID,a004A00000ZPoWkQAL:MX,saurabh.brijnathprasad.ext@bayer.com,7/30/2024 10:13,bay_cph_cdp_reltio_technical_user_prod,4/17/2024 8:29,
0e3v4bd,entities/0e3v4bd,MedicinalProduct,Mexico,TRUE,"VERQUVO 2,5MG TAFI BLI 1X14 MS",Sample,Mexico,88678567,SAP ID,Mexico,a004w00000a2NimAAE,Veeva ID,a004w00000a2NimAAE:MX,saurabh.brijnathprasad.ext@bayer.com,7/30/2024 10:13,bay_cph_cdp_reltio_technical_user_prod,4/17/2024 8:29,
0e3vy0z,entities/0e3vy0z,MedicinalProduct,Mexico,TRUE,YASMIN 21GRA MM F/10 PIEZAS,Sample,Mexico,3161056,SAP ID,Mexico,a004A00000ZPoWoQAL,Veeva ID,a004A00000ZPoWoQAL:MX,saurabh.brijnathprasad.ext@bayer.com,7/30/2024 10:13,bay_cph_cdp_reltio_technical_user_prod,4/17/2024 8:29,
0We8HLK,entities/0We8HLK,MedicinalProduct,Mexico,TRUE,KYLEENA DEMO LAT RELOADABLE,Sample,Mexico,85286013,SAP ID,Mexico,a004A00000ZPoWdQAL,Veeva ID,a004A00000ZPoWdQAL:MX,saurabh.brijnathprasad.ext@bayer.com,7/30/2024 10:13,bay_cph_cdp_reltio_technical_user_prod,4/17/2024 8:29,
0WeACgY,entities/0WeACgY,MedicinalProduct,Mexico,TRUE,Yasmin TAFI 1x21 MX MS,Sample,Mexico,86659484,SAP ID,Mexico,a004w00000ZsUYAAA3,Veeva ID,a004w00000ZsUYAAA3:MX,saurabh.brijnathprasad.ext@bayer.com,7/30/2024 10:13,bay_cph_cdp_reltio_technical_user_prod,4/17/2024 8:29,
0WeALD4,entities/0WeALD4,MedicinalProduct,Mexico,TRUE,ASPIRINA PROTECT O. O.,Sample,Mexico,29199,SAP ID,Mexico,a004A00000ZPoWYQA1,Veeva ID,a004A00000ZPoWYQA1:MX,saurabh.brijnathprasad.ext@bayer.com,7/30/2024 10:13,bay_cph_cdp_reltio_technical_user_prod,4/17/2024 8:29,
0WeATja,entities/0WeATja,MedicinalProduct,Mexico,TRUE,AMOBAY  500MG 5 CAP MM C/312 PIEZAS,Sample,Mexico,83093715,SAP ID,Mexico,a004A00000ZPoWUQA1,Veeva ID,a004A00000ZPoWUQA1:MX,saurabh.brijnathprasad.ext@bayer.com,7/30/2024 10:13,bay_cph_cdp_reltio_technical_user_prod,4/17/2024 8:29,
0WeAp2s,entities/0WeAp2s,MedicinalProduct,Mexico,TRUE,DIANE 21 GRA MM C/100 PIEZAS,Sample,Mexico,64103625,SAP ID,Mexico,a004A00000ZPoWaQAL,Veeva ID,a004A00000ZPoWaQAL:MX,saurabh.brijnathprasad.ext@bayer.com,7/30/2024 10:13,bay_cph_cdp_reltio_technical_user_prod,4/17/2024 8:29,
75yu8WE,entities/75yu8WE,MedicinalProduct,Mexico,TRUE,ACTRON GEL 50 G O.O.,Sample,Mexico,86861194,SAP ID,Mexico,a004A00000ZPoWKQA1,Veeva ID,a004A00000ZPoWKQA1:MX,saurabh.brijnathprasad.ext@bayer.com,7/30/2024 10:13,bay_cph_cdp_reltio_technical_user_prod,4/17/2024 8:29,
75yv6Bq,entities/75yv6Bq,MedicinalProduct,Mexico,TRUE,MIRENA JAYDESS 13.5MG 1X1 MX,Sample,Mexico,81061289,SAP ID,Mexico,a004A00000ZPoWhQAL,Veeva ID,a004A00000ZPoWhQAL:MX,saurabh.brijnathprasad.ext@bayer.com,7/30/2024 10:13,bay_cph_cdp_reltio_technical_user_prod,4/17/2024 8:29,
0YWwgtF,entities/0YWwgtF,MedicinalProduct,Mexico,TRUE,DIANE 35 TASC 1X21 MS MX,Sample,Mexico,87035042,SAP ID,Mexico,a004w00000a4sZSAAY,Veeva ID,a004w00000a4sZSAAY:MX,saurabh.brijnathprasad.ext@bayer.com,7/30/2024 10:13,bay_cph_cdp_reltio_technical_user_prod,4/17/2024 8:29,
0YWwl9V,entities/0YWwl9V,MedicinalProduct,Mexico,TRUE,XARELTO 20MG MM,Sample,Mexico,83430886,SAP ID,Mexico,a004A00000ZPoWnQAL,Veeva ID,a004A00000ZPoWnQAL:MX,saurabh.brijnathprasad.ext@bayer.com,7/30/2024 10:13,bay_cph_cdp_reltio_technical_user_prod,4/17/2024 8:29,
0YWxEzJ,entities/0YWxEzJ,MedicinalProduct,Mexico,TRUE,ACTRON 200 MM 2 CAP,Sample,Mexico,85281089,SAP ID,Mexico,a004A00000ZPoWHQA1,Veeva ID,a004A00000ZPoWHQA1:MX,saurabh.brijnathprasad.ext@bayer.com,7/30/2024 10:13,bay_cph_cdp_reltio_technical_user_prod,4/17/2024 8:29,
0YWy48P,entities/0YWy48P,MedicinalProduct,Mexico,TRUE,ADEMPAS 1MG 42TABL,Sample,Mexico,85018108,SAP ID,Mexico,a004A00000ZPoWRQA1,Veeva ID,a004A00000ZPoWRQA1:MX,saurabh.brijnathprasad.ext@bayer.com,7/30/2024 10:13,bay_cph_cdp_reltio_technical_user_prod,4/17/2024 8:29,
0YWy8Of,entities/0YWy8Of,MedicinalProduct,Mexico,TRUE,MIRENA DEMO 1 USO 1X1,Sample,Mexico,83238764,SAP ID,Mexico,a004A00000ZPoWfQAL,Veeva ID,a004A00000ZPoWfQAL:MX,saurabh.brijnathprasad.ext@bayer.com,7/30/2024 10:13,bay_cph_cdp_reltio_technical_user_prod,4/17/2024 8:29,
0YWzVdp,entities/0YWzVdp,MedicinalProduct,Mexico,TRUE,Angeliq Â½ TAFI 1x14 MX SMP,Sample,Mexico,86659433,SAP ID,Mexico,a004A00000ZZ6x9QAD,Veeva ID,a004A00000ZZ6x9QAD:MX,saurabh.brijnathprasad.ext@bayer.com,7/30/2024 10:13,bay_cph_cdp_reltio_technical_user_prod,4/17/2024 8:29,
0j0IWKH,entities/0j0IWKH,MedicinalProduct,Mexico,TRUE,VISANNETTE TABL BLI 2X14 MX,Sample,Mexico,86398338,SAP ID,Mexico,a004A00000ZZMk0QAH,Veeva ID,a004A00000ZZMk0QAH:MX,saurabh.brijnathprasad.ext@bayer.com,7/30/2024 10:13,bay_cph_cdp_reltio_technical_user_prod,4/17/2024 8:29,
0j0KEsj,entities/0j0KEsj,MedicinalProduct,Mexico,TRUE,ACTRON 15 ML GOTAS O.O.,Sample,Mexico,82122800,SAP ID,Mexico,a004A00000ZPoWGQA1,Veeva ID,a004A00000ZPoWGQA1:MX,saurabh.brijnathprasad.ext@bayer.com,7/30/2024 10:13,bay_cph_cdp_reltio_technical_user_prod,4/17/2024 8:29,
0j0KaC1,entities/0j0KaC1,MedicinalProduct,Mexico,TRUE,ADEMPAS 0.5 MG 42TABL,Sample,Mexico,85018078,SAP ID,Mexico,a004A00000ZPoWPQA1,Veeva ID,a004A00000ZPoWPQA1:MX,saurabh.brijnathprasad.ext@bayer.com,7/30/2024 10:13,bay_cph_cdp_reltio_technical_user_prod,4/17/2024 8:29,
0V63c8a,entities/0V63c8a,MedicinalProduct,Mexico,TRUE,KYLEENA T-BODY DEMO 1x1,Sample,Mexico,85228285,SAP ID,Mexico,a004A00000ZPoWeQAL,Veeva ID,a004A00000ZPoWeQAL:MX,saurabh.brijnathprasad.ext@bayer.com,7/30/2024 10:13,bay_cph_cdp_reltio_technical_user_prod,4/17/2024 8:29,
0V64RHg,entities/0V64RHg,MedicinalProduct,Mexico,TRUE,CIPROXINA 500 MG MM,Sample,Mexico,82410652,SAP ID,Mexico,a004A00000ZPoWZQA1,Veeva ID,a004A00000ZPoWZQA1:MX,saurabh.brijnathprasad.ext@bayer.com,7/30/2024 10:13,bay_cph_cdp_reltio_technical_user_prod,4/17/2024 8:29,
0V657uG,entities/0V657uG,MedicinalProduct,Mexico,TRUE,AMOBAY 250/5ML SUSP MM C/96 PIEZAS,Sample,Mexico,83093693,SAP ID,Mexico,a004A00000ZPoWVQA1,Veeva ID,a004A00000ZPoWVQA1:MX,saurabh.brijnathprasad.ext@bayer.com,7/30/2024 10:13,bay_cph_cdp_reltio_technical_user_prod,4/17/2024 8:29,
0V65g0K,entities/0V65g0K,MedicinalProduct,Mexico,TRUE,Yasmin TAFI 1x28 MS MX,Sample,Mexico,86659441,SAP ID,Mexico,a004w00000ZsUYFAA3,Veeva ID,a004w00000ZsUYFAA3:MX,saurabh.brijnathprasad.ext@bayer.com,7/30/2024 10:13,bay_cph_cdp_reltio_technical_user_prod,4/17/2024 8:29,
0VFvr0R,entities/0VFvr0R,MedicinalProduct,Mexico,TRUE,ACTRON 30ML SUSP MM,Sample,Mexico,82753827,SAP ID,Mexico,a004A00000ZPoWIQA1,Veeva ID,a004A00000ZPoWIQA1:MX,saurabh.brijnathprasad.ext@bayer.com,7/30/2024 10:13,bay_cph_cdp_reltio_technical_user_prod,4/17/2024 8:29,
0jKlhnT,entities/0jKlhnT,MedicinalProduct,Mexico,TRUE,ACTRON MM 400MG 2 CAP,Sample,Mexico,81397571,SAP ID,Mexico,a004A00000ZPoWMQA1,Veeva ID,a004A00000ZPoWMQA1:MX,saurabh.brijnathprasad.ext@bayer.com,7/30/2024 10:13,bay_cph_cdp_reltio_technical_user_prod,4/17/2024 8:29,
0jKmOQ3,entities/0jKmOQ3,MedicinalProduct,Mexico,TRUE,JADELLE DEMO 10 EN,Sample,Mexico,64034986,SAP ID,Mexico,a004A00000ZPoWbQAL,Veeva ID,a004A00000ZPoWbQAL:MX,saurabh.brijnathprasad.ext@bayer.com,7/30/2024 10:13,bay_cph_cdp_reltio_technical_user_prod,4/17/2024 8:29,
0jKmfT5,entities/0jKmfT5,MedicinalProduct,Mexico,TRUE,ACTRON PLUS MM 2 CAP,Sample,Mexico,81397644,SAP ID,Mexico,a004A00000ZPoWOQA1,Veeva ID,a004A00000ZPoWOQA1:MX,saurabh.brijnathprasad.ext@bayer.com,7/30/2024 10:13,bay_cph_cdp_reltio_technical_user_prod,4/17/2024 8:29,
0jKo2iF,entities/0jKo2iF,MedicinalProduct,Mexico,TRUE,VERQUVO 10MG TAFI BLI 1X14 MS,Sample,Mexico,88678540,SAP ID,Mexico,a004w00000a2NihAAE,Veeva ID,a004w00000a2NihAAE:MX,saurabh.brijnathprasad.ext@bayer.com,7/30/2024 10:13,bay_cph_cdp_reltio_technical_user_prod,4/17/2024 8:29,
0VFzlx9,entities/0VFzlx9,MedicinalProduct,Mexico,TRUE,QLAIRA O.O. F/10 PIEZAS,Sample,Mexico,82232266,SAP ID,Mexico,a004A00000ZPoWjQAL,Veeva ID,a004A00000ZPoWjQAL:MX,saurabh.brijnathprasad.ext@bayer.com,7/30/2024 10:13,bay_cph_cdp_reltio_technical_user_prod,4/17/2024 8:29,
0VFzuTf,entities/0VFzuTf,MedicinalProduct,Mexico,TRUE,MIRENA DEMO 1X1 MULTIUSO,Sample,Mexico,82961934,SAP ID,Mexico,a004A00000ZPoWgQAL,Veeva ID,a004A00000ZPoWgQAL:MX,saurabh.brijnathprasad.ext@bayer.com,7/30/2024 10:13,bay_cph_cdp_reltio_technical_user_prod,4/17/2024 8:29,
0VG07GR,entities/0VG07GR,MedicinalProduct,Mexico,TRUE,NEBIDO 1AMP 4ML MM F/ 5 PIEZAS,Sample,Mexico,3240116,SAP ID,Mexico,a004A00000ZPoWiQAL,Veeva ID,a004A00000ZPoWiQAL:MX,saurabh.brijnathprasad.ext@bayer.com,7/30/2024 10:13,bay_cph_cdp_reltio_technical_user_prod,4/17/2024 8:29,
0YE1kmr,entities/0YE1kmr,MedicinalProduct,Mexico,TRUE,ACTRON GEL 5G MM,Sample,Mexico,80648863,SAP ID,Mexico,a004A00000ZPoWLQA1,Veeva ID,a004A00000ZPoWLQA1:MX,saurabh.brijnathprasad.ext@bayer.com,7/30/2024 10:13,bay_cph_cdp_reltio_technical_user_prod,4/17/2024 8:29,
0YE1tJN,entities/0YE1tJN,MedicinalProduct,Mexico,TRUE,ADEMPAS 2.5 MG 42TABL,Sample,Mexico,85018523,SAP ID,Mexico,a004A00000ZPoWTQA1,Veeva ID,a004A00000ZPoWTQA1:MX,saurabh.brijnathprasad.ext@bayer.com,7/30/2024 10:13,bay_cph_cdp_reltio_technical_user_prod,4/17/2024 8:29,
0YE2eCD,entities/0YE2eCD,MedicinalProduct,Mexico,TRUE,ANGELIQ 14GRA MM F/10 PIEZAS,Sample,Mexico,3323193,SAP ID,Mexico,a004A00000ZPoWWQA1,Veeva ID,a004A00000ZPoWWQA1:MX,saurabh.brijnathprasad.ext@bayer.com,7/30/2024 10:13,bay_cph_cdp_reltio_technical_user_prod,4/17/2024 8:29,
0YE2mij,entities/0YE2mij,MedicinalProduct,Mexico,TRUE,FIRIALTA 20MG TABL BLI 2X14,Sample,Mexico,88258207,SAP ID,Mexico,a004w00000bg5TZAAY,Veeva ID,a004w00000bg5TZAAY:MX,saurabh.brijnathprasad.ext@bayer.com,7/30/2024 10:13,bay_cph_cdp_reltio_technical_user_prod,4/17/2024 8:29,
0YE2vFF,entities/0YE2vFF,MedicinalProduct,Mexico,TRUE,VERQUVO 5MG TAFI BLI 1X14 MS,Sample,Mexico,88678559,SAP ID,Mexico,a004w00000a2NicAAE,Veeva ID,a004w00000a2NicAAE:MX,saurabh.brijnathprasad.ext@bayer.com,7/30/2024 10:13,bay_cph_cdp_reltio_technical_user_prod,4/17/2024 8:29,
0YE3821,entities/0YE3821,MedicinalProduct,Mexico,TRUE,ACTRON 600 MM 2 CAP,Sample,Mexico,85281003,SAP ID,Mexico,a004A00000ZPoWJQA1,Veeva ID,a004A00000ZPoWJQA1:MX,saurabh.brijnathprasad.ext@bayer.com,7/30/2024 10:13,bay_cph_cdp_reltio_technical_user_prod,4/17/2024 8:29,
0faKdOB,entities/0faKdOB,MedicinalProduct,Mexico,TRUE,ASPIRINA PROTECT M.M. 100MG 7 COMP,Sample,Mexico,83271303,SAP ID,Mexico,a004A00000ZPoWXQA1,Veeva ID,a004A00000ZPoWXQA1:MX,saurabh.brijnathprasad.ext@bayer.com,7/30/2024 10:13,bay_cph_cdp_reltio_technical_user_prod,4/17/2024 8:29,
0faKluh,entities/0faKluh,MedicinalProduct,Mexico,TRUE,FIRIALTA 10MG 1X14 MS,Sample,Mexico,89153832,SAP ID,Mexico,a004w00000a2NiwAAE,Veeva ID,a004w00000a2NiwAAE:MX,saurabh.brijnathprasad.ext@bayer.com,7/30/2024 10:13,bay_cph_cdp_reltio_technical_user_prod,4/17/2024 8:29,
0faN2ZD,entities/0faN2ZD,MedicinalProduct,Mexico,TRUE,KYLEENA 19.5 MG IUS BLI 1X1,Sample,Mexico,85683829,SAP ID,Mexico,a004A00000ZPoWcQAL,Veeva ID,a004A00000ZPoWcQAL:MX,saurabh.brijnathprasad.ext@bayer.com,7/30/2024 10:13,bay_cph_cdp_reltio_technical_user_prod,4/17/2024 8:29,
0hS8plW,entities/0hS8plW,MedicinalProduct,Mexico,TRUE,LEVITRA 20MG 1 TABLETA ORIGINAL OBSEQUIO,Sample,Mexico,3813669,SAP ID,Mexico,a00Qj00000CT0VbIAL,Veeva ID,a00Qj00000CT0VbIAL:MX,saurabh.brijnathprasad.ext@bayer.com,7/30/2024 10:13,bay_cph_cdp_reltio_technical_user_prod,4/19/2024 21:10,
05CDUlY,entities/05CDUlY,MedicinalProduct,Pakistan,TRUE,BETAFERON INJ (PS),Sample,Pakistan,a007F00002dzHSqQAM,Veeva ID,,,,a007F00002dzHSqQAM:PK,saurabh.brijnathprasad.ext@bayer.com,7/30/2024 10:13,bay_cph_cdp_reltio_technical_user_prod,4/12/2023 7:13,
05CDdI4,entities/05CDdI4,MedicinalProduct,Pakistan,TRUE,MAGNEVIST INJ (PS),Sample,Pakistan,a007F00002dzHTeQAM,Veeva ID,,,,a007F00002dzHTeQAM:PK,saurabh.brijnathprasad.ext@bayer.com,7/30/2024 10:13,bay_cph_cdp_reltio_technical_user_prod,4/12/2023 7:13,
05CDhYK,entities/05CDhYK,MedicinalProduct,India,TRUE,Euglim M1 mg 2 S Ps,Sample,India,80414447,SAP ID,India,a007F00002dzHMxQAM,Veeva ID,a007F00002dzHMxQAM:IN,saurabh.brijnathprasad.ext@bayer.com,7/30/2024 10:13,bay_cph_cdp_reltio_technical_user_prod,4/12/2023 7:13,
05CDloa,entities/05CDloa,MedicinalProduct,India,TRUE,Vageston 100mg 2 S Ps,Sample,India,80414323,SAP ID,India,a007F00002dzHNWQA2,Veeva ID,a007F00002dzHNWQA2:IN,saurabh.brijnathprasad.ext@bayer.com,7/30/2024 10:13,bay_cph_cdp_reltio_technical_user_prod,4/12/2023 7:13,
05CDq4q,entities/05CDq4q,MedicinalProduct,India,TRUE,GADOVIST (GADOBUTROLPES - 7.5ML VIAL),Sample,India,84759260,SAP ID,India,a007F00002gR3P3QAK,Veeva ID,a007F00002gR3P3QAK:IN,saurabh.brijnathprasad.ext@bayer.com,7/30/2024 10:13,bay_cph_cdp_reltio_technical_user_prod,4/12/2023 7:13,
05CDuL6,entities/05CDuL6,MedicinalProduct,Pakistan,TRUE,XARELTO 15MG TAB (PS),Sample,Pakistan,a007F00002dzHV1QAM,Veeva ID,,,,a007F00002dzHV1QAM:PK,saurabh.brijnathprasad.ext@bayer.com,7/30/2024 10:13,bay_cph_cdp_reltio_technical_user_prod,4/12/2023 7:13,
05CDybM,entities/05CDybM,MedicinalProduct,India,TRUE,Nubeqa (IN) Ps,Sample,India,a002u00000AGRACAA5,Veeva ID,,,,a002u00000AGRACAA5:IN,saurabh.brijnathprasad.ext@bayer.com,7/30/2024 10:13,bay_cph_cdp_reltio_technical_user_prod,4/12/2023 7:13,
05CE2rc,entities/05CE2rc,MedicinalProduct,India,TRUE,GADOVIST (GADOBUTROL - 5ML PFS),Sample,India,84729558,SAP ID,India,a007F00002gR3OyQAK,Veeva ID,a007F00002gR3OyQAK:IN,saurabh.brijnathprasad.ext@bayer.com,7/30/2024 10:13,bay_cph_cdp_reltio_technical_user_prod,4/12/2023 7:13,
05CEBO8,entities/05CEBO8,MedicinalProduct,Pakistan,TRUE,TESTOVIRON Depot 250mg (PS),Sample,Pakistan,a007F00002dzHUcQAM,Veeva ID,,,,a007F00002dzHUcQAM:PK,saurabh.brijnathprasad.ext@bayer.com,7/30/2024 10:13,bay_cph_cdp_reltio_technical_user_prod,4/12/2023 7:13,
05CEFeO,entities/05CEFeO,MedicinalProduct,India,TRUE,Angiografin Injection 20 Ml Ps,Sample,India,80418140,SAP ID,India,a007F00002dzHNHQA2,Veeva ID,a007F00002dzHNHQA2:IN,saurabh.brijnathprasad.ext@bayer.com,7/30/2024 10:13,bay_cph_cdp_reltio_technical_user_prod,4/12/2023 7:13,
05CEJue,entities/05CEJue,MedicinalProduct,India,TRUE,Rovio 5mg 2 S Ps,Sample,India,84267090s,SAP ID,India,a007F00002dzHMiQAM,Veeva ID,a007F00002dzHMiQAM:IN,saurabh.brijnathprasad.ext@bayer.com,7/30/2024 10:13,bay_cph_cdp_reltio_technical_user_prod,4/12/2023 7:13,
05CEOAu,entities/05CEOAu,MedicinalProduct,India,TRUE,YAZ TABLETS (1X28) PS PACK,Sample,India,80156081,SAP ID,India,a007F00002gR3PDQA0,Veeva ID,a007F00002gR3PDQA0:IN,saurabh.brijnathprasad.ext@bayer.com,7/30/2024 10:13,bay_cph_cdp_reltio_technical_user_prod,4/12/2023 7:13,
05CESRA,entities/05CESRA,MedicinalProduct,Pakistan,TRUE,UROGRAFIN 76 % (PS),Sample,Pakistan,a007F00002dzHUrQAM,Veeva ID,,,,a007F00002dzHUrQAM:PK,saurabh.brijnathprasad.ext@bayer.com,7/30/2024 10:13,bay_cph_cdp_reltio_technical_user_prod,4/12/2023 7:13,
05CEWhQ,entities/05CEWhQ,MedicinalProduct,India,TRUE,Euglim 4mg 2 S Ps,Sample,India,80414463,SAP ID,India,a007F00002dzHN2QAM,Veeva ID,a007F00002dzHN2QAM:IN,saurabh.brijnathprasad.ext@bayer.com,7/30/2024 10:13,bay_cph_cdp_reltio_technical_user_prod,4/12/2023 7:13,
05CEaxg,entities/05CEaxg,MedicinalProduct,India,TRUE,Ovidac 5k Ps,Sample,India,55555555,SAP ID,India,a007F00002gR3QBQA0,Veeva ID,a007F00002gR3QBQA0:IN,saurabh.brijnathprasad.ext@bayer.com,7/30/2024 10:13,bay_cph_cdp_reltio_technical_user_prod,4/12/2023 7:13,
05CEfDw,entities/05CEfDw,MedicinalProduct,India,TRUE,Xirtam H 2 S Ps,Sample,India,58089269,SAP ID,India,a007F00002dzHMEQA2,Veeva ID,a007F00002dzHMEQA2:IN,saurabh.brijnathprasad.ext@bayer.com,7/30/2024 10:13,bay_cph_cdp_reltio_technical_user_prod,4/12/2023 7:13,
05CEjUC,entities/05CEjUC,MedicinalProduct,Pakistan,TRUE,GYNO TRAVOGEN CREAM (PS),Sample,Pakistan,a007F00002dzHTZQA2,Veeva ID,,,,a007F00002dzHTZQA2:PK,saurabh.brijnathprasad.ext@bayer.com,7/30/2024 10:13,bay_cph_cdp_reltio_technical_user_prod,4/12/2023 7:13,
05CEnkS,entities/05CEnkS,MedicinalProduct,India,TRUE,Luciara Cream 15 g Ps,Sample,India,80827210,SAP ID,India,a007F00002dzHObQAM,Veeva ID,a007F00002dzHObQAM:IN,saurabh.brijnathprasad.ext@bayer.com,7/30/2024 10:13,bay_cph_cdp_reltio_technical_user_prod,4/12/2023 7:13,
05CEwGy,entities/05CEwGy,MedicinalProduct,India,TRUE,Luprofact 1 Ps,Sample,India,11222222,SAP ID,India,a007F00002gR3PhQAK,Veeva ID,a007F00002gR3PhQAK:IN,saurabh.brijnathprasad.ext@bayer.com,7/30/2024 10:13,bay_cph_cdp_reltio_technical_user_prod,4/12/2023 7:13,
05CF0XE,entities/05CF0XE,MedicinalProduct,India,TRUE,Mirena Demo 1x1 Ps,Sample,India,83395312,SAP ID,India,a007F00002dzHMtQAM,Veeva ID,a007F00002dzHMtQAM:IN,saurabh.brijnathprasad.ext@bayer.com,7/30/2024 10:13,bay_cph_cdp_reltio_technical_user_prod,4/12/2023 7:13,
05CF4nU,entities/05CF4nU,MedicinalProduct,Pakistan,TRUE,CIPROXIN INFUSION 0.1G (PS),Sample,Pakistan,a007F00002dzHSvQAM,Veeva ID,,,,a007F00002dzHSvQAM:PK,saurabh.brijnathprasad.ext@bayer.com,7/30/2024 10:13,bay_cph_cdp_reltio_technical_user_prod,4/12/2023 7:13,
05CF93k,entities/05CF93k,MedicinalProduct,India,TRUE,Angiografin Injection 50 Ml Ps,Sample,India,80418132,SAP ID,India,a007F00002dzHNMQA2,Veeva ID,a007F00002dzHNMQA2:IN,saurabh.brijnathprasad.ext@bayer.com,7/30/2024 10:13,bay_cph_cdp_reltio_technical_user_prod,4/12/2023 7:13,
05CFDK0,entities/05CFDK0,MedicinalProduct,Pakistan,TRUE,XARELTO 20MG TAB (PS),Sample,Pakistan,a007F00002dzHV6QAM,Veeva ID,,,,a007F00002dzHV6QAM:PK,saurabh.brijnathprasad.ext@bayer.com,7/30/2024 10:13,bay_cph_cdp_reltio_technical_user_prod,4/12/2023 7:13,
05CFHaG,entities/05CFHaG,MedicinalProduct,India,TRUE,Xarelto 10mg 3 tab Ps,Sample,India,81534005,SAP ID,India,a007F00002dzHP5QAM,Veeva ID,a007F00002dzHP5QAM:IN,saurabh.brijnathprasad.ext@bayer.com,7/30/2024 10:13,bay_cph_cdp_reltio_technical_user_prod,4/12/2023 7:13,
05CFQ6m,entities/05CFQ6m,MedicinalProduct,Pakistan,TRUE,GADOVIST (PS),Sample,Pakistan,a007F00002dzHTPQA2,Veeva ID,,,,a007F00002dzHTPQA2:PK,saurabh.brijnathprasad.ext@bayer.com,7/30/2024 10:13,bay_cph_cdp_reltio_technical_user_prod,4/12/2023 7:13,
05CFUN2,entities/05CFUN2,MedicinalProduct,India,TRUE,Metbay 500 Mg 2 S Ps,Sample,India,80156847,SAP ID,India,a007F00002dzHMdQAM,Veeva ID,a007F00002dzHMdQAM:IN,saurabh.brijnathprasad.ext@bayer.com,7/30/2024 10:13,bay_cph_cdp_reltio_technical_user_prod,4/12/2023 7:13,
05CFYdI,entities/05CFYdI,MedicinalProduct,India,TRUE,Progynova 1 Mg Ps,Sample,India,80417071,SAP ID,India,a007F00002dzHOlQAM,Veeva ID,a007F00002dzHOlQAM:IN,saurabh.brijnathprasad.ext@bayer.com,7/30/2024 10:13,bay_cph_cdp_reltio_technical_user_prod,4/12/2023 7:13,
05CFctY,entities/05CFctY,MedicinalProduct,Pakistan,TRUE,DOPERGIN TAB.(PS),Sample,Pakistan,a007F00002dzHTFQA2,Veeva ID,,,,a007F00002dzHTFQA2:PK,saurabh.brijnathprasad.ext@bayer.com,7/30/2024 10:13,bay_cph_cdp_reltio_technical_user_prod,4/12/2023 7:13,
05CFh9o,entities/05CFh9o,MedicinalProduct,India,TRUE,Glucobay M 25 Mg 2 S Ps,Sample,India,58089307,SAP ID,India,a007F00002dzHMJQA2,Veeva ID,a007F00002dzHMJQA2:IN,saurabh.brijnathprasad.ext@bayer.com,7/30/2024 10:13,bay_cph_cdp_reltio_technical_user_prod,4/12/2023 7:13,
05CFlQ4,entities/05CFlQ4,MedicinalProduct,Pakistan,TRUE,Progynova 2 mg Tablet (PS),Sample,Pakistan,a007F00002dzHTVQA2,Veeva ID,,,,a007F00002dzHTVQA2:PK,saurabh.brijnathprasad.ext@bayer.com,7/30/2024 10:13,bay_cph_cdp_reltio_technical_user_prod,4/12/2023 7:13,
05CFpgK,entities/05CFpgK,MedicinalProduct,Pakistan,TRUE,AVELOX INFUSION (PS),Sample,Pakistan,a007F00002dzHSgQAM,Veeva ID,,,,a007F00002dzHSgQAM:PK,saurabh.brijnathprasad.ext@bayer.com,7/30/2024 10:13,bay_cph_cdp_reltio_technical_user_prod,4/12/2023 7:13,
05CFtwa,entities/05CFtwa,MedicinalProduct,Pakistan,TRUE,"GLUCOBAY TABLETS 50MG, (PS) 2s",Sample,Pakistan,a007F00002dzHLfQAM,Veeva ID,,,,a007F00002dzHLfQAM:PK,saurabh.brijnathprasad.ext@bayer.com,7/30/2024 10:13,bay_cph_cdp_reltio_technical_user_prod,4/12/2023 7:13,
05CFyCq,entities/05CFyCq,MedicinalProduct,India,TRUE,Rovio 10mg 2 Ps,Sample,India,84267074,SAP ID,India,a007F00002dzHM0QAM,Veeva ID,a007F00002dzHM0QAM:IN,saurabh.brijnathprasad.ext@bayer.com,7/30/2024 10:13,bay_cph_cdp_reltio_technical_user_prod,4/12/2023 7:13,
05CG2T6,entities/05CG2T6,MedicinalProduct,Pakistan,TRUE,GASTROGRAFIN (PS),Sample,Pakistan,a007F00002dzHRwQAM,Veeva ID,,,,a007F00002dzHRwQAM:PK,saurabh.brijnathprasad.ext@bayer.com,7/30/2024 10:13,bay_cph_cdp_reltio_technical_user_prod,4/12/2023 7:13,
05CG6jM,entities/05CG6jM,MedicinalProduct,Pakistan,TRUE,CIPROXIN INFUSION 0.2G (PS),Sample,Pakistan,a007F00002dzHT0QAM,Veeva ID,,,,a007F00002dzHT0QAM:PK,saurabh.brijnathprasad.ext@bayer.com,7/30/2024 10:13,bay_cph_cdp_reltio_technical_user_prod,4/12/2023 7:13,
05CGAzc,entities/05CGAzc,MedicinalProduct,India,TRUE,Fostine 75 Ps,Sample,India,99999999,SAP ID,India,a007F00002gR3PXQA0,Veeva ID,a007F00002gR3PXQA0:IN,saurabh.brijnathprasad.ext@bayer.com,7/30/2024 10:13,bay_cph_cdp_reltio_technical_user_prod,4/12/2023 7:13,
05CGFFs,entities/05CGFFs,MedicinalProduct,India,TRUE,Menodac 75 Ps,Sample,India,77777777,SAP ID,India,a007F00002gR3PSQA0,Veeva ID,a007F00002gR3PSQA0:IN,saurabh.brijnathprasad.ext@bayer.com,7/30/2024 10:13,bay_cph_cdp_reltio_technical_user_prod,4/12/2023 7:13,
05CGNmO,entities/05CGNmO,MedicinalProduct,India,TRUE,GADOVIST (GADOBUTROL - 10ML VIAL),Sample,India,84759236,SAP ID,India,a007F00002gR3P8QAK,Veeva ID,a007F00002gR3P8QAK:IN,saurabh.brijnathprasad.ext@bayer.com,7/30/2024 10:13,bay_cph_cdp_reltio_technical_user_prod,4/12/2023 7:13,
05CGS2e,entities/05CGS2e,MedicinalProduct,Pakistan,TRUE,PROGYLUTON TAB (PS) 21,Sample,Pakistan,a007F00002dzHLzQAM,Veeva ID,,,,a007F00002dzHLzQAM:PK,saurabh.brijnathprasad.ext@bayer.com,7/30/2024 10:13,bay_cph_cdp_reltio_technical_user_prod,4/12/2023 7:13,
05CGaZA,entities/05CGaZA,MedicinalProduct,Pakistan,TRUE,PROLUTON DEP 250 MG(PS) 1x1s,Sample,Pakistan,a007F00002dzHUIQA2,Veeva ID,,,,a007F00002dzHUIQA2:PK,saurabh.brijnathprasad.ext@bayer.com,7/30/2024 10:13,bay_cph_cdp_reltio_technical_user_prod,4/12/2023 7:13,
05CGepQ,entities/05CGepQ,MedicinalProduct,India,TRUE,Mirena Demo Ps,Sample,India,83953319,SAP ID,India,a007F00002dzHOWQA2,Veeva ID,a007F00002dzHOWQA2:IN,saurabh.brijnathprasad.ext@bayer.com,7/30/2024 10:13,bay_cph_cdp_reltio_technical_user_prod,4/12/2023 7:13,
05CGj5g,entities/05CGj5g,MedicinalProduct,India,TRUE,Canesten V6 Tabs Ps,Sample,India,58089226,SAP ID,India,a007F00002dzHOvQAM,Veeva ID,a007F00002dzHOvQAM:IN,saurabh.brijnathprasad.ext@bayer.com,7/30/2024 10:13,bay_cph_cdp_reltio_technical_user_prod,4/12/2023 7:13,
05CGnLw,entities/05CGnLw,MedicinalProduct,India,TRUE,Vageston 200 Mg 2 S Ps,Sample,India,80414935,SAP ID,India,a007F00002dzHLqQAM,Veeva ID,a007F00002dzHLqQAM:IN,saurabh.brijnathprasad.ext@bayer.com,7/30/2024 10:13,bay_cph_cdp_reltio_technical_user_prod,4/12/2023 7:13,
05CGrcC,entities/05CGrcC,MedicinalProduct,Pakistan,TRUE,GRAVIBINAN 1X1s (PS),Sample,Pakistan,a007F00002dzHLkQAM,Veeva ID,,,,a007F00002dzHLkQAM:PK,saurabh.brijnathprasad.ext@bayer.com,7/30/2024 10:13,bay_cph_cdp_reltio_technical_user_prod,4/12/2023 7:13,
07nblRn,entities/07nblRn,MedicinalProduct,India,TRUE,DIANE Ps,Sample,India,33333333,SAP ID,India,a007F00002gR3PwQAK,Veeva ID,a007F00002gR3PwQAK:IN,saurabh.brijnathprasad.ext@bayer.com,7/30/2024 10:13,bay_cph_cdp_reltio_technical_user_prod,4/12/2023 7:13,
07nbpi3,entities/07nbpi3,MedicinalProduct,India,TRUE,Xirtam 20mg 2 S Ps,Sample,India,58089250,SAP ID,India,a007F00002dzHM9QAM,Veeva ID,a007F00002dzHM9QAM:IN,saurabh.brijnathprasad.ext@bayer.com,7/30/2024 10:13,bay_cph_cdp_reltio_technical_user_prod,4/12/2023 7:13,
07nbtyJ,entities/07nbtyJ,MedicinalProduct,Pakistan,TRUE,ADALAT RETARD 20MG TAB (PS),Sample,Pakistan,a007F00002dzHSWQA2,Veeva ID,,,,a007F00002dzHSWQA2:PK,saurabh.brijnathprasad.ext@bayer.com,7/30/2024 10:13,bay_cph_cdp_reltio_technical_user_prod,4/12/2023 7:13,
07nbyEZ,entities/07nbyEZ,MedicinalProduct,Pakistan,TRUE,CIPROXIN TABLET 100MG (PS),Sample,Pakistan,a007F00002dzHT5QAM,Veeva ID,,,,a007F00002dzHT5QAM:PK,saurabh.brijnathprasad.ext@bayer.com,7/30/2024 10:13,bay_cph_cdp_reltio_technical_user_prod,4/12/2023 7:13,
07nc2Up,entities/07nc2Up,MedicinalProduct,Pakistan,TRUE,NIMOTOP INFUSION (PS),Sample,Pakistan,a007F00002dzHU8QAM,Veeva ID,,,,a007F00002dzHU8QAM:PK,saurabh.brijnathprasad.ext@bayer.com,7/30/2024 10:13,bay_cph_cdp_reltio_technical_user_prod,4/12/2023 7:13,
07nc6l5,entities/07nc6l5,MedicinalProduct,India,TRUE,Ovidac 10K Ps,Sample,India,66666666,SAP ID,India,a007F00002gR3QLQA0,Veeva ID,a007F00002gR3QLQA0:IN,saurabh.brijnathprasad.ext@bayer.com,7/30/2024 10:13,bay_cph_cdp_reltio_technical_user_prod,4/12/2023 7:13,
07ncB1L,entities/07ncB1L,MedicinalProduct,Pakistan,TRUE,NOVAJECT (PS),Sample,Pakistan,a007F00002dzHShQAM,Veeva ID,,,,a007F00002dzHShQAM:PK,saurabh.brijnathprasad.ext@bayer.com,7/30/2024 10:13,bay_cph_cdp_reltio_technical_user_prod,4/12/2023 7:13,
07ncFHb,entities/07ncFHb,MedicinalProduct,Pakistan,TRUE,AVELOX TABLETS 400MG (PS),Sample,Pakistan,a007F00002dzHQ9QAM,Veeva ID,,,,a007F00002dzHQ9QAM:PK,saurabh.brijnathprasad.ext@bayer.com,7/30/2024 10:13,bay_cph_cdp_reltio_technical_user_prod,4/12/2023 7:13,
07ncJXr,entities/07ncJXr,MedicinalProduct,India,TRUE,Nexavar 200 Mg 10x6 Ps,Sample,India,80455179,SAP ID,India,a007F00002dzHNNQA2,Veeva ID,a007F00002dzHNNQA2:IN,saurabh.brijnathprasad.ext@bayer.com,7/30/2024 10:13,bay_cph_cdp_reltio_technical_user_prod,4/12/2023 7:13,
07ncNo7,entities/07ncNo7,MedicinalProduct,India,TRUE,Xirtam Am 2 S Ps,Sample,India,80127855,SAP ID,India,a007F00002dzHMTQA2,Veeva ID,a007F00002dzHMTQA2:IN,saurabh.brijnathprasad.ext@bayer.com,7/30/2024 10:13,bay_cph_cdp_reltio_technical_user_prod,4/12/2023 7:13,
07ncS4N,entities/07ncS4N,MedicinalProduct,India,TRUE,Nublexa Ps,Sample,India,11111111,SAP ID,India,a007F00002gR3OtQAK,Veeva ID,a007F00002gR3OtQAK:IN,saurabh.brijnathprasad.ext@bayer.com,7/30/2024 10:13,bay_cph_cdp_reltio_technical_user_prod,4/12/2023 7:13,
07ncWKd,entities/07ncWKd,MedicinalProduct,India,TRUE,Canesten V Cream Ps,Sample,India,58089099,SAP ID,India,a007F00002dzHP0QAM,Veeva ID,a007F00002dzHP0QAM:IN,saurabh.brijnathprasad.ext@bayer.com,7/30/2024 10:13,bay_cph_cdp_reltio_technical_user_prod,4/12/2023 7:13,
07ncaat,entities/07ncaat,MedicinalProduct,Pakistan,TRUE,ADALAT LA 60MG TAB (PS),Sample,Pakistan,a007F00002dzHSRQA2,Veeva ID,,,,a007F00002dzHSRQA2:PK,saurabh.brijnathprasad.ext@bayer.com,7/30/2024 10:13,bay_cph_cdp_reltio_technical_user_prod,4/12/2023 7:13,
07ncer9,entities/07ncer9,MedicinalProduct,India,TRUE,Euglim 2 Mg 2 S Ps,Sample,India,80414293,SAP ID,India,a007F00002dzHMsQAM,Veeva ID,a007F00002dzHMsQAM:IN,saurabh.brijnathprasad.ext@bayer.com,7/30/2024 10:13,bay_cph_cdp_reltio_technical_user_prod,4/12/2023 7:13,
07ncnNf,entities/07ncnNf,MedicinalProduct,India,TRUE,Visanne 28 tab 2x14 IN MS,Sample,India,84678252,SAP ID,India,a007F00002gR3PNQA0,Veeva ID,a007F00002gR3PNQA0:IN,saurabh.brijnathprasad.ext@bayer.com,7/30/2024 10:13,bay_cph_cdp_reltio_technical_user_prod,4/12/2023 7:13,
07ncrdv,entities/07ncrdv,MedicinalProduct,India,TRUE,Glucobay 25 Mg 2 S Ps,Sample,India,58089242,SAP ID,India,a007F00002dzHNCQA2,Veeva ID,a007F00002dzHNCQA2:IN,saurabh.brijnathprasad.ext@bayer.com,7/30/2024 10:13,bay_cph_cdp_reltio_technical_user_prod,4/12/2023 7:13,
07ncvuB,entities/07ncvuB,MedicinalProduct,India,TRUE,Xarelto 15mg 7 Tab Ps,Sample,India,80802641,SAP ID,India,a007F00002dzHPAQA2,Veeva ID,a007F00002dzHPAQA2:IN,saurabh.brijnathprasad.ext@bayer.com,7/30/2024 10:13,bay_cph_cdp_reltio_technical_user_prod,4/12/2023 7:13,
07nd0AR,entities/07nd0AR,MedicinalProduct,Pakistan,TRUE,"CIPROXIN TABLET 500 MG,(PS) 1s",Sample,Pakistan,a007F00002dzHLaQAM,Veeva ID,,,,a007F00002dzHLaQAM:PK,saurabh.brijnathprasad.ext@bayer.com,7/30/2024 10:13,bay_cph_cdp_reltio_technical_user_prod,4/12/2023 7:13,
07nd4Qh,entities/07nd4Qh,MedicinalProduct,Pakistan,TRUE,PRIMOLUT-N 5 MG TAB (PS) 1x10s,Sample,Pakistan,a007F00002dzHLuQAM,Veeva ID,,,,a007F00002dzHLuQAM:PK,saurabh.brijnathprasad.ext@bayer.com,7/30/2024 10:13,bay_cph_cdp_reltio_technical_user_prod,4/12/2023 7:13,
07nd8gx,entities/07nd8gx,MedicinalProduct,Pakistan,TRUE,GLUCOBAY TABLETS 100MG (PS),Sample,Pakistan,a007F00002dzHTUQA2,Veeva ID,,,,a007F00002dzHTUQA2:PK,saurabh.brijnathprasad.ext@bayer.com,7/30/2024 10:13,bay_cph_cdp_reltio_technical_user_prod,4/12/2023 7:13,
07ndCxD,entities/07ndCxD,MedicinalProduct,Pakistan,TRUE,XARELTO 10MG TAB (PS),Sample,Pakistan,a007F00002dzHUwQAM,Veeva ID,,,,a007F00002dzHUwQAM:PK,saurabh.brijnathprasad.ext@bayer.com,7/30/2024 10:13,bay_cph_cdp_reltio_technical_user_prod,4/12/2023 7:13,
07ndLTj,entities/07ndLTj,MedicinalProduct,Pakistan,TRUE,NEXAVAR TAB 200MG (PS),Sample,Pakistan,a007F00002dzHTtQAM,Veeva ID,,,,a007F00002dzHTtQAM:PK,saurabh.brijnathprasad.ext@bayer.com,7/30/2024 10:13,bay_cph_cdp_reltio_technical_user_prod,4/12/2023 7:13,
07ndPjz,entities/07ndPjz,MedicinalProduct,India,TRUE,Noklot Tab 2 S Ps,Sample,India,80414420,SAP ID,India,a007F00002dzHM4QAM,Veeva ID,a007F00002dzHM4QAM:IN,saurabh.brijnathprasad.ext@bayer.com,7/30/2024 10:13,bay_cph_cdp_reltio_technical_user_prod,4/12/2023 7:13,
07ndU0F,entities/07ndU0F,MedicinalProduct,Pakistan,TRUE,"BELAIR TABLETS 5MG, (PS) 5s",Sample,Pakistan,a007F00002dzHLGQA2,Veeva ID,,,,a007F00002dzHLGQA2:PK,saurabh.brijnathprasad.ext@bayer.com,7/30/2024 10:13,bay_cph_cdp_reltio_technical_user_prod,4/12/2023 7:13,
03GCCTQ,entities/03GCCTQ,MedicinalProduct,Pakistan,TRUE,MIRENA IUS (PS),Sample,Pakistan,a007F00002dzHToQAM,Veeva ID,,,,a007F00002dzHToQAM:PK,saurabh.brijnathprasad.ext@bayer.com,7/30/2024 10:13,bay_cph_cdp_reltio_technical_user_prod,4/12/2023 7:13,
03GCGjg,entities/03GCGjg,MedicinalProduct,India,TRUE,Menodac 150 Ps,Sample,India,88888888,SAP ID,India,a007F00002gR3PcQAK,Veeva ID,a007F00002gR3PcQAK:IN,saurabh.brijnathprasad.ext@bayer.com,7/30/2024 10:13,bay_cph_cdp_reltio_technical_user_prod,4/12/2023 7:13,
03GCKzw,entities/03GCKzw,MedicinalProduct,India,TRUE,Yasmin FTB 1X21 IN,Sample,India,81234388,SAP ID,India,a007F00002gR3Q1QAK,Veeva ID,a007F00002gR3Q1QAK:IN,saurabh.brijnathprasad.ext@bayer.com,7/30/2024 10:13,bay_cph_cdp_reltio_technical_user_prod,4/12/2023 7:13,
03GCTWS,entities/03GCTWS,MedicinalProduct,Pakistan,TRUE,BAYDAL SYP (PS),Sample,Pakistan,a007F00002dzHSlQAM,Veeva ID,,,,a007F00002dzHSlQAM:PK,saurabh.brijnathprasad.ext@bayer.com,7/30/2024 10:13,bay_cph_cdp_reltio_technical_user_prod,4/12/2023 7:13,
03GCXmi,entities/03GCXmi,MedicinalProduct,Pakistan,TRUE,GRAVIBINAN 1X2s (PS),Sample,Pakistan,a007F00002dzHLpQAM,Veeva ID,,,,a007F00002dzHLpQAM:PK,saurabh.brijnathprasad.ext@bayer.com,7/30/2024 10:13,bay_cph_cdp_reltio_technical_user_prod,4/12/2023 7:13,
03GCc2y,entities/03GCc2y,MedicinalProduct,Pakistan,TRUE,RESOCHIN TAB 250 MG (PS),Sample,Pakistan,a007F00002dzHUSQA2,Veeva ID,,,,a007F00002dzHUSQA2:PK,saurabh.brijnathprasad.ext@bayer.com,7/30/2024 10:13,bay_cph_cdp_reltio_technical_user_prod,4/12/2023 7:13,
03GCgJE,entities/03GCgJE,MedicinalProduct,Pakistan,TRUE,ULTRAVIST 300 (PS),Sample,Pakistan,a007F00002dzHUhQAM,Veeva ID,,,,a007F00002dzHUhQAM:PK,saurabh.brijnathprasad.ext@bayer.com,7/30/2024 10:13,bay_cph_cdp_reltio_technical_user_prod,4/12/2023 7:13,
03GCopk,entities/03GCopk,MedicinalProduct,India,TRUE,Glucobay 50 Mg 2 S Ps,Sample,India,58089234,SAP ID,India,a007F00002dzHN7QAM,Veeva ID,a007F00002dzHN7QAM:IN,saurabh.brijnathprasad.ext@bayer.com,7/30/2024 10:13,bay_cph_cdp_reltio_technical_user_prod,4/12/2023 7:13,
03GCt60,entities/03GCt60,MedicinalProduct,India,TRUE,Luprofact 4 Ps,Sample,India,11122222,SAP ID,India,a007F00002gR3PmQAK,Veeva ID,a007F00002gR3PmQAK:IN,saurabh.brijnathprasad.ext@bayer.com,7/30/2024 10:13,bay_cph_cdp_reltio_technical_user_prod,4/12/2023 7:13,
03GD1cW,entities/03GD1cW,MedicinalProduct,India,TRUE,Euglim 1mg 2 S Ps,Sample,India,80414307,SAP ID,India,a007F00002dzHMnQAM,Veeva ID,a007F00002dzHMnQAM:IN,saurabh.brijnathprasad.ext@bayer.com,7/30/2024 10:13,bay_cph_cdp_reltio_technical_user_prod,4/12/2023 7:13,
03GDA92,entities/03GDA92,MedicinalProduct,Pakistan,TRUE,BAYDAL TABLET (PS) 2s,Sample,Pakistan,a007F00002dzHLBQA2,Veeva ID,,,,a007F00002dzHLBQA2:PK,saurabh.brijnathprasad.ext@bayer.com,7/30/2024 10:13,bay_cph_cdp_reltio_technical_user_prod,4/12/2023 7:13,
03GDEPI,entities/03GDEPI,MedicinalProduct,Pakistan,TRUE,Eylea 40mg Solution for INJ  (PS),Sample,Pakistan,a007F00002dzHTKQA2,Veeva ID,,,,a007F00002dzHTKQA2:PK,saurabh.brijnathprasad.ext@bayer.com,7/30/2024 10:13,bay_cph_cdp_reltio_technical_user_prod,4/12/2023 7:13,
03GDRC4,entities/03GDRC4,MedicinalProduct,India,TRUE,Xarelto 20mg 7 tab Ps,Sample,India,80802617,SAP ID,India,a007F00002dzHPKQA2,Veeva ID,a007F00002dzHPKQA2:IN,saurabh.brijnathprasad.ext@bayer.com,7/30/2024 10:13,bay_cph_cdp_reltio_technical_user_prod,4/12/2023 7:13,
03GDVSK,entities/03GDVSK,MedicinalProduct,Pakistan,TRUE,"NIMOTOP 30MG TAB, (PS)",Sample,Pakistan,a007F00002dzHU3QAM,Veeva ID,,,,a007F00002dzHU3QAM:PK,saurabh.brijnathprasad.ext@bayer.com,7/30/2024 10:13,bay_cph_cdp_reltio_technical_user_prod,4/12/2023 7:13,
03GDZia,entities/03GDZia,MedicinalProduct,Pakistan,TRUE,Primovist 10ml Inj,Sample,Pakistan,a002u00000AKHbXAAX,Veeva ID,,,,a002u00000AKHbXAAX:PK,saurabh.brijnathprasad.ext@bayer.com,7/30/2024 10:13,bay_cph_cdp_reltio_technical_user_prod,4/12/2023 7:13,
03GDdyq,entities/03GDdyq,MedicinalProduct,Pakistan,TRUE,CLIMEN TAB (PS),Sample,Pakistan,a007F00002dzHTAQA2,Veeva ID,,,,a007F00002dzHTAQA2:PK,saurabh.brijnathprasad.ext@bayer.com,7/30/2024 10:13,bay_cph_cdp_reltio_technical_user_prod,4/12/2023 7:13,
03GDmVM,entities/03GDmVM,MedicinalProduct,India,TRUE,FEMOVAN Ps,Sample,India,22222222,SAP ID,India,a007F00002gR3Q6QAK,Veeva ID,a007F00002gR3Q6QAK:IN,saurabh.brijnathprasad.ext@bayer.com,7/30/2024 10:13,bay_cph_cdp_reltio_technical_user_prod,4/12/2023 7:13,
03GDqlc,entities/03GDqlc,MedicinalProduct,India,TRUE,Fostine 150 Ps,Sample,India,12222222,SAP ID,India,a007F00002gR3PrQAK,Veeva ID,a007F00002gR3PrQAK:IN,saurabh.brijnathprasad.ext@bayer.com,7/30/2024 10:13,bay_cph_cdp_reltio_technical_user_prod,4/12/2023 7:13,
03GDv1s,entities/03GDv1s,MedicinalProduct,India,TRUE,Progynova 2 Mg Ps,Sample,India,80415737,SAP ID,India,a007F00002dzHOqQAM,Veeva ID,a007F00002dzHOqQAM:IN,saurabh.brijnathprasad.ext@bayer.com,7/30/2024 10:13,bay_cph_cdp_reltio_technical_user_prod,4/12/2023 7:13,
03GE7oe,entities/03GE7oe,MedicinalProduct,Pakistan,TRUE,ANDROCUR 50 MG TAB (PS),Sample,Pakistan,a007F00002dzHSbQAM,Veeva ID,,,,a007F00002dzHSbQAM:PK,saurabh.brijnathprasad.ext@bayer.com,7/30/2024 10:13,bay_cph_cdp_reltio_technical_user_prod,4/12/2023 7:13,
03GEC4u,entities/03GEC4u,MedicinalProduct,Pakistan,TRUE,"BELAIR TABLETS 5MG, (PS) 2s",Sample,Pakistan,a002u000003QiRHAA0,Veeva ID,,,,a002u000003QiRHAA0:PK,saurabh.brijnathprasad.ext@bayer.com,7/30/2024 10:13,bay_cph_cdp_reltio_technical_user_prod,4/12/2023 7:13,
03GEGLA,entities/03GEGLA,MedicinalProduct,Pakistan,TRUE,MELIANE TAB (PS),Sample,Pakistan,a007F00002dzHTjQAM,Veeva ID,,,,a007F00002dzHTjQAM:PK,saurabh.brijnathprasad.ext@bayer.com,7/30/2024 10:13,bay_cph_cdp_reltio_technical_user_prod,4/12/2023 7:13,
03GEKbQ,entities/03GEKbQ,MedicinalProduct,India,TRUE,Spye Tab 4 S Ps,Sample,India,80418159,SAP ID,India,a007F00002dzHORQA2,Veeva ID,a007F00002dzHORQA2:IN,saurabh.brijnathprasad.ext@bayer.com,7/30/2024 10:13,bay_cph_cdp_reltio_technical_user_prod,4/12/2023 7:13,
03GET7w,entities/03GET7w,MedicinalProduct,Pakistan,TRUE,Yaz (PS),Sample,Pakistan,a007F00002dzHVBQA2,Veeva ID,,,,a007F00002dzHVBQA2:PK,saurabh.brijnathprasad.ext@bayer.com,7/30/2024 10:13,bay_cph_cdp_reltio_technical_user_prod,4/12/2023 7:13,
03GEXOC,entities/03GEXOC,MedicinalProduct,Pakistan,TRUE,NOCTAMID 1 MG TAB (PS),Sample,Pakistan,a007F00002dzHUDQA2,Veeva ID,,,,a007F00002dzHUDQA2:PK,saurabh.brijnathprasad.ext@bayer.com,7/30/2024 10:13,bay_cph_cdp_reltio_technical_user_prod,4/12/2023 7:13,
03GEfui,entities/03GEfui,MedicinalProduct,Pakistan,TRUE,PROVIRON 25 MG TAB (PS),Sample,Pakistan,a007F00002dzHUNQA2,Veeva ID,,,,a007F00002dzHUNQA2:PK,saurabh.brijnathprasad.ext@bayer.com,7/30/2024 10:13,bay_cph_cdp_reltio_technical_user_prod,4/12/2023 7:13,
03GEkAy,entities/03GEkAy,MedicinalProduct,Pakistan,TRUE,ULTRAVIST 370 (PS),Sample,Pakistan,a007F00002dzHUmQAM,Veeva ID,,,,a007F00002dzHUmQAM:PK,saurabh.brijnathprasad.ext@bayer.com,7/30/2024 10:13,bay_cph_cdp_reltio_technical_user_prod,4/12/2023 7:13,
03GEoRE,entities/03GEoRE,MedicinalProduct,India,TRUE,Eylea 2MG VL 1x2ML IN SMP,Sample,India,84645605,SAP ID,India,a007F00002gR3OoQAK,Veeva ID,a007F00002gR3OoQAK:IN,saurabh.brijnathprasad.ext@bayer.com,7/30/2024 10:13,bay_cph_cdp_reltio_technical_user_prod,4/12/2023 7:13,
03GEshU,entities/03GEshU,MedicinalProduct,Pakistan,TRUE,ADALAT LA 30MG TAB (PS),Sample,Pakistan,a007F00002dzHSMQA2,Veeva ID,,,,a007F00002dzHSMQA2:PK,saurabh.brijnathprasad.ext@bayer.com,7/30/2024 10:13,bay_cph_cdp_reltio_technical_user_prod,4/12/2023 7:13,
03GEwxk,entities/03GEwxk,MedicinalProduct,India,TRUE,Ovidac 2K Ps,Sample,India,44444444,SAP ID,India,a007F00002gR3QGQA0,Veeva ID,a007F00002gR3QGQA0:IN,saurabh.brijnathprasad.ext@bayer.com,7/30/2024 10:13,bay_cph_cdp_reltio_technical_user_prod,4/12/2023 7:13,
03GF5UG,entities/03GF5UG,MedicinalProduct,India,TRUE,Nexavar Tabl 200mg 60st Pap Ps,Sample,India,81019046,SAP ID,India,a007F00002dzHNRQA2,Veeva ID,a007F00002dzHNRQA2:IN,saurabh.brijnathprasad.ext@bayer.com,7/30/2024 10:13,bay_cph_cdp_reltio_technical_user_prod,4/12/2023 7:13,
03GF9kW,entities/03GF9kW,MedicinalProduct,India,TRUE,Vageston 300 Mg 2 S Ps,Sample,India,80414315,SAP ID,India,a007F00002dzHOgQAM,Veeva ID,a007F00002dzHOgQAM:IN,saurabh.brijnathprasad.ext@bayer.com,7/30/2024 10:13,bay_cph_cdp_reltio_technical_user_prod,4/12/2023 7:13,
03GFE0m,entities/03GFE0m,MedicinalProduct,Pakistan,TRUE,STIVARGA Tab 40mg (PS),Sample,Pakistan,a007F00002dzHUXQA2,Veeva ID,,,,a007F00002dzHUXQA2:PK,saurabh.brijnathprasad.ext@bayer.com,7/30/2024 10:13,bay_cph_cdp_reltio_technical_user_prod,4/12/2023 7:13,
03GFIH2,entities/03GFIH2,MedicinalProduct,Pakistan,TRUE,"CIPROXIN TABLET 250 MG, (PS) 2s",Sample,Pakistan,a007F00002dzHLLQA2,Veeva ID,,,,a007F00002dzHLLQA2:PK,saurabh.brijnathprasad.ext@bayer.com,7/30/2024 10:13,bay_cph_cdp_reltio_technical_user_prod,4/12/2023 7:13,
03GFMXI,entities/03GFMXI,MedicinalProduct,India,TRUE,Xarelto 10 Mg 3 Tab Mu Ps,Sample,India,80627777,SAP ID,India,a007F00002dzHPFQA2,Veeva ID,a007F00002dzHPFQA2:IN,saurabh.brijnathprasad.ext@bayer.com,7/30/2024 10:13,bay_cph_cdp_reltio_technical_user_prod,4/12/2023 7:13,
03GFQnY,entities/03GFQnY,MedicinalProduct,India,TRUE,Glucobay M 50 Mg 2 S Ps,Sample,India,58089293,SAP ID,India,a007F00002dzHMOQA2,Veeva ID,a007F00002dzHMOQA2:IN,saurabh.brijnathprasad.ext@bayer.com,7/30/2024 10:13,bay_cph_cdp_reltio_technical_user_prod,4/12/2023 7:13,
03GFV3o,entities/03GFV3o,MedicinalProduct,India,TRUE,Metbay 1000 2 Ps,Sample,India,80156839,SAP ID,India,a007F00002dzHMYQA2,Veeva ID,a007F00002dzHMYQA2:IN,saurabh.brijnathprasad.ext@bayer.com,7/30/2024 10:13,bay_cph_cdp_reltio_technical_user_prod,4/12/2023 7:13,
03GFZK4,entities/03GFZK4,MedicinalProduct,Pakistan,TRUE,DIANE 35 TAB (PS) 1x21,Sample,Pakistan,a007F00002dzHLQQA2,Veeva ID,,,,a007F00002dzHLQQA2:PK,saurabh.brijnathprasad.ext@bayer.com,7/30/2024 10:13,bay_cph_cdp_reltio_technical_user_prod,4/12/2023 7:13,
