﻿ID,uri,Type,Attributes.Name,Attributes.Name2,Attributes.Type,Crosswalks.IQVIA-HDSC.ID,Crosswalks.IQVIA-HDSC2.ID,Crosswalks.IQVIA-HDSC3.ID,Crosswalks.IQVIA-HDSC4.ID,Crosswalks.IQVIA-HDSC5.ID,Crosswalks.IQVIA-HDSC6.ID,Crosswalks.IQVIA-HDSC7.ID,Crosswalks.IQVIA-HDSC8.ID,Crosswalks.IQVIA-HDSC9.ID,Crosswalks.IQVIA-HDSC10.ID,Crosswalks.IQVIA-HDSC11.ID,Crosswalks.IQVIA-HDSC12.ID,Crosswalks.IQVIA-HDSC13.ID,Crosswalks.IQVIA-HDSC14.ID,Crosswalks.IQVIA-HDSC15.ID,Crosswalks.IQVIA-HDSC16.ID,Crosswalks.IQVIA-HDSC17.ID,Crosswalks.IQVIA-HDSC18.ID,Crosswalks.Reltio.ID,Crosswalks.SAP.ID,Crosswalks.SAP2.ID,endDate
xKo65DX,entities/xKo65DX,ProductGroup,CIPROFLOXACIN,Ciprofloxacin,Strength,Strength:19393:NA:4400697:GB,Strength:P12200586:NA:10262:UK,Strength:D12200515:NA:10262:UK,Strength:D19393:NA:10262:GB,Strength:P12200586:NA:10262:GB,Strength:P19393:NA:10262:GB,Strength:D12200515:NA:10262:GB,Strength:19393:NA:4400697:UK,,,,,,,,,,,,STRENGTH:Ciprofloxacin,,
1MN9Q3yh,entities/1MN9Q3yh,ProductGroup,XARELTO,Xarelto,Strength,Strength:6281:NA:10870:GB,Strength:41990:NA:4400728:GB,Strength:P14800692:NA:10262:UK,Strength:XARELTO,Strength:41990:NA:4400697:UK,Strength:6400661:NA:10870:GB,Strength:41990:NA:4401221:UK,Strength:41990:NA:4401109:UK,Strength:D14800588:NA:10262:GB,Strength:41990:NA:4401109:GB,Strength:41990:NA:4400728:UK,Strength:41990:NA:4401221:GB,Strength:6400661:NA:10870:UK,Strength:P41990:NA:10262:GB,Strength:D14800588:NA:10262:UK,Strength:P14800692:NA:10262:GB,Strength:41990:NA:4400697:GB,Strength:D41990:NA:10262:GB,,STRENGTH:Xarelto,,
11fi8bis,entities/11fi8bis,ProductGroup,VITRAKVI,Vitrakvi,Strength,Strength:60840:NA:107:GB,Strength:60840:NA:4400697:UK,Strength:60840:NA:4400697:GB,,,,,,,,,,,,,,,,,STRENGTH:Vitrakvi,,
1TSFejax,entities/1TSFejax,ProductGroup,STIVARGA,Stivarga,Strength,Strength:P37801467:NA:10262:GB,Strength:48935:NA:4400697:UK,Strength:48935:NA:4400697:GB,Strength:P37801467:NA:10262:UK,,,,,,,,,,,,,,,,STRENGTH:Stivarga,,
aJ7nW9r,entities/aJ7nW9r,ProductGroup,NEXAVAR,Nexavar,Strength,Strength:D38621:NA:10262:GB,Strength:P14300727:NA:10262:UK,Strength:D14300718:NA:10262:GB,Strength:P14300727:NA:10262:GB,Strength:38621:NA:4400697:UK,Strength:D14300718:NA:10262:UK,Strength:P38621:NA:10262:GB,Strength:38621:NA:4400697:GB,,,,,,,,,,,,STRENGTH:Nexavar,,
11fkV6Wo,entities/11fkV6Wo,ProductGroup,XOFIGO,Xofigo,Strength,Strength:49480:NA:4400697:UK,Strength:49480:NA:4400697:GB,Strength:49480:NA:4401221:UK,Strength:49480:NA:4401221:GB,,,,,,,,,,,,,,,,STRENGTH:Xofigo,,
1MNEfdst,entities/1MNEfdst,ProductGroup,BETAFERON,Betaferon,Strength,Strength:5354:NA:4400697:GB,Strength:P5354:NA:10262:GB,Strength:5354:NA:4400697:UK,Strength:D12700626:NA:10262:UK,Strength:P12700728:NA:10262:UK,Strength:D5354:NA:10262:GB,Strength:P12700728:NA:10262:GB,Strength:D12700626:NA:10262:GB,,,,,,,,,,,,STRENGTH:Betaferon,,
yXWArLM,entities/yXWArLM,ProductGroup,EYLEA,Eylea,Strength,Strength:47566:NA:4400697:UK,Strength:D47566:NA:10262:GB,Strength:47566:NA:4400697:GB,Strength:P47566:NA:10262:GB,,,,,,,,,,,,,,,,STRENGTH:Eylea,,
11foOXT8,entities/11foOXT8,ProductGroup,NUBEQA,Nubeqa,Strength,Strength:61691:NA:4400697:UK,Strength:D61691:NA:10262:GB,Strength:61691:NA:4400697:GB,Strength:61691:NA:108:GB,Strength:P61691:NA:10262:GB,,,,,,,,,,,,,,,STRENGTH:Nubeqa,,
8YklKyV,entities/8YklKyV,ProductGroup,"Milvane, 21 Ctb",,Strength,,,,,,,,,,,,,,,,,,,,"STRENGTH:Milvane,_21_Ctb",,
8YklPEl,entities/8YklPEl,ProductGroup,Glucobay Tab50Mg,,Strength,,,,,,,,,,,,,,,,,,,,STRENGTH:Glucobay_Tab50Mg,,
8YklTV1,entities/8YklTV1,ProductGroup,Coils & Positioning,,Strength,,,,,,,,,,,,,,,,,,,,STRENGTH:Coils_&_Positioning,,
8YklXlH,entities/8YklXlH,ProductGroup,Solaris Syringes,,Strength,,,,,,,,,,,,,,,,,,,,STRENGTH:Solaris_Syringes,,
8Yklc1X,entities/8Yklc1X,ProductGroup,Kinzal/Pritorta 80Mg,,Strength,,,,,,,,,,,,,,,,,,,,STRENGTH:Kinzal/Pritorta_80Mg,,
8YklgHn,entities/8YklgHn,ProductGroup,PCSW Legacy,,Strength,,,,,,,,,,,,,,,,,,,,STRENGTH:PCSW_Legacy,,
8YklkY3,entities/8YklkY3,ProductGroup,Avelox Inj.Vial400Mg,,Strength,,,,,,,,,,,,,,,,,,,,STRENGTH:Avelox_Inj.Vial400Mg,,
8YklooJ,entities/8YklooJ,ProductGroup,Dotagraf 1.0 VL 1x10,,Strength,,,,,,,,,,,,,,,,,,,,STRENGTH:Dotagraf_1.0_VL_1x10,,
8Yklt4Z,entities/8Yklt4Z,ProductGroup,TAG Tubing,,Strength,,,,,,,,,,,,,,,,,,,,STRENGTH:TAG_Tubing,,
8YklxKp,entities/8YklxKp,ProductGroup,Lung,,Strength,,,,,,,,,,,,,,,,,,,,STRENGTH:Lung,,
8Ykm1b5,entities/8Ykm1b5,ProductGroup,Kogenate Appliset,,Strength,,,,,,,,,,,,,,,,,,,,STRENGTH:Kogenate_Appliset,,
8Ykm5rL,entities/8Ykm5rL,ProductGroup,"Base Service,Intego",,Strength,,,,,,,,,,,,,,,,,,,,"STRENGTH:Base_Service,Intego",,
8YkmA7b,entities/8YkmA7b,ProductGroup,Arterion Injectors O,,Strength,,,,,,,,,,,,,,,,,,,,STRENGTH:Arterion_Injectors_O,,
8YkmENr,entities/8YkmENr,ProductGroup,"Leganto, 6 Mg Patch",,Strength,,,,,,,,,,,,,,,,,,,,"STRENGTH:Leganto,_6_Mg_Patch",,
8YkmIe7,entities/8YkmIe7,ProductGroup,UV 300 PFC 1x125ml,,Strength,,,,,,,,,,,,,,,,,,,,STRENGTH:UV_300_PFC_1x125ml,,
8YkmMuN,entities/8YkmMuN,ProductGroup,Kogenate Others,,Strength,,,,,,,,,,,,,,,,,,,,STRENGTH:Kogenate_Others,,
8YkmRAd,entities/8YkmRAd,ProductGroup,Nifedipin Ca20Mg,,Strength,,,,,,,,,,,,,,,,,,,,STRENGTH:Nifedipin_Ca20Mg,,
8YkmVQt,entities/8YkmVQt,ProductGroup,Fluanxol Inj.Vial2%,,Strength,,,,,,,,,,,,,,,,,,,,STRENGTH:Fluanxol_Inj.Vial2%,,
8YkmZh9,entities/8YkmZh9,ProductGroup,"Base Service,Cardiov",,Strength,,,,,,,,,,,,,,,,,,,,"STRENGTH:Base_Service,Cardiov",,
8YkmdxP,entities/8YkmdxP,ProductGroup,"Adempas Tab 0,5 Mg",,Strength,,,,,,,,,,,,,,,,,,,,"STRENGTH:Adempas_Tab_0,5_Mg",,
8YkmiDf,entities/8YkmiDf,ProductGroup,Abdomen,,Strength,,,,,,,,,,,,,,,,,,,,STRENGTH:Abdomen,,
8YkmmTv,entities/8YkmmTv,ProductGroup,Spectris Injector,,Strength,,,,,,,,,,,,,,,,,,,,STRENGTH:Spectris_Injector,,
8YkmqkB,entities/8YkmqkB,ProductGroup,Stellant Dual Syring,,Strength,,,,,,,,,,,,,,,,,,,,STRENGTH:Stellant_Dual_Syring,,
8Ykmv0R,entities/8Ykmv0R,ProductGroup,Levitra Ta 10 Mg,,Strength,,,,,,,,,,,,,,,,,,,,STRENGTH:Levitra_Ta_10_Mg,,
8YkmzGh,entities/8YkmzGh,ProductGroup,Kovaltry 3000 I.U.,,Strength,,,,,,,,,,,,,,,,,,,,STRENGTH:Kovaltry_3000_I.U.,,
8Ykn3Wx,entities/8Ykn3Wx,ProductGroup,Siemens Master,,Strength,,,,,,,,,,,,,,,,,,,,STRENGTH:Siemens_Master,,
8Ykn7nD,entities/8Ykn7nD,ProductGroup,"Service Other,OCT",,Strength,,,,,,,,,,,,,,,,,,,,"STRENGTH:Service_Other,OCT",,
8YknC3T,entities/8YknC3T,ProductGroup,MV vial 1x20ml,,Strength,,,,,,,,,,,,,,,,,,,,STRENGTH:MV_vial_1x20ml,,
8YknGJj,entities/8YknGJj,ProductGroup,Testoviron Dep 250Mg,,Strength,,,,,,,,,,,,,,,,,,,,STRENGTH:Testoviron_Dep_250Mg,,
8YknKZz,entities/8YknKZz,ProductGroup,UV 300 B 1x50ml,,Strength,,,,,,,,,,,,,,,,,,,,STRENGTH:UV_300_B_1x50ml,,
8YknOqF,entities/8YknOqF,ProductGroup,"Proviron, 50Mg Tab",,Strength,,,,,,,,,,,,,,,,,,,,"STRENGTH:Proviron,_50Mg_Tab",,
8YknT6V,entities/8YknT6V,ProductGroup,Arterion Disposables,,Strength,,,,,,,,,,,,,,,,,,,,STRENGTH:Arterion_Disposables,,
8YknXMl,entities/8YknXMl,ProductGroup,"Base Service,MR Inje",,Strength,,,,,,,,,,,,,,,,,,,,"STRENGTH:Base_Service,MR_Inje",,
8Yknbd1,entities/8Yknbd1,ProductGroup,"Meliane, 21 Ctb",,Strength,,,,,,,,,,,,,,,,,,,,"STRENGTH:Meliane,_21_Ctb",,
8YknftH,entities/8YknftH,ProductGroup,"Progynova 2 Mg, 28 C",,Strength,,,,,,,,,,,,,,,,,,,,"STRENGTH:Progynova_2_Mg,_28_C",,
8Yknk9X,entities/8Yknk9X,ProductGroup,"Eylea vial 2Mg/0,05",,Strength,,,,,,,,,,,,,,,,,,,,"STRENGTH:Eylea_vial_2Mg/0,05",,
8YknoPn,entities/8YknoPn,ProductGroup,"Testogel, 5.0 Gel",,Strength,,,,,,,,,,,,,,,,,,,,"STRENGTH:Testogel,_5.0_Gel",,
8Yknsg3,entities/8Yknsg3,ProductGroup,"Betaferon 300, Cmbp",,Strength,,,,,,,,,,,,,,,,,,,,"STRENGTH:Betaferon_300,_Cmbp",,
8YknwwJ,entities/8YknwwJ,ProductGroup,Glianimon Tabl 10 Mg,,Strength,,,,,,,,,,,,,,,,,,,,STRENGTH:Glianimon_Tabl_10_Mg,,
8Yko1CZ,entities/8Yko1CZ,ProductGroup,UV 150 B 1x200ml,,Strength,,,,,,,,,,,,,,,,,,,,STRENGTH:UV_150_B_1x200ml,,
8Yko5Sp,entities/8Yko5Sp,ProductGroup,"Yaz, 24+4 Ftb",,Strength,,,,,,,,,,,,,,,,,,,,"STRENGTH:Yaz,_24+4_Ftb",,
8Yko9j5,entities/8Yko9j5,ProductGroup,Nexavar Ta 200 Mg,,Strength,,,,,,,,,,,,,,,,,,,,STRENGTH:Nexavar_Ta_200_Mg,,
8YkoDzL,entities/8YkoDzL,ProductGroup,"Noctamid 1Mg, Tab",,Strength,,,,,,,,,,,,,,,,,,,,"STRENGTH:Noctamid_1Mg,_Tab",,
8YkoIFb,entities/8YkoIFb,ProductGroup,Vitrakvi 20mg/mL Ora,,Strength,,,,,,,,,,,,,,,,,,,,STRENGTH:Vitrakvi_20mg/mL_Ora,,
8YkoMVr,entities/8YkoMVr,ProductGroup,Essure Ius,,Strength,,,,,,,,,,,,,,,,,,,,STRENGTH:Essure Ius,,
8YkoQm7,entities/8YkoQm7,ProductGroup,"Microgynon 30, 21 Ct",,Strength,,,,,,,,,,,,,,,,,,,,"STRENGTH:Microgynon_30,_21_Ct",,
8YkoV2N,entities/8YkoV2N,ProductGroup,"Adempas Tab 2,5 Mg",,Strength,,,,,,,,,,,,,,,,,,,,"STRENGTH:Adempas_Tab_2,5_Mg",,
8YkoZId,entities/8YkoZId,ProductGroup,UV 370 B 10x50ml,,Strength,,,,,,,,,,,,,,,,,,,,STRENGTH:UV_370_B_10x50ml,,
8YkodYt,entities/8YkodYt,ProductGroup,"Leganto, 8 Mg Patch",,Strength,,,,,,,,,,,,,,,,,,,,"STRENGTH:Leganto,_8_Mg_Patch",,
8Ykohp9,entities/8Ykohp9,ProductGroup,"Mirena, Others",,Strength,,,,,,,,,,,,,,,,,,,,"STRENGTH:Mirena,_Others",,
8Ykom5P,entities/8Ykom5P,ProductGroup,Siemens and Toshiba,,Strength,,,,,,,,,,,,,,,,,,,,STRENGTH:Siemens_and_Toshiba,,
8YkoqLf,entities/8YkoqLf,ProductGroup,Starter Package,,Strength,,,,,,,,,,,,,,,,,,,,STRENGTH:Starter_Package,,
8YkoysB,entities/8YkoysB,ProductGroup,Nifedipin Cap 10 Mg,,Strength,,,,,,,,,,,,,,,,,,,,STRENGTH:Nifedipin_Cap_10_Mg,,
8Ykp7Oh,entities/8Ykp7Oh,ProductGroup,UV 300 B 10x100ml,,Strength,,,,,,,,,,,,,,,,,,,,STRENGTH:UV_300_B_10x100ml,,
8YkpBex,entities/8YkpBex,ProductGroup,ProVis Syringes,,Strength,,,,,,,,,,,,,,,,,,,,STRENGTH:ProVis_Syringes,,
8YkpKBT,entities/8YkpKBT,ProductGroup,Certegra Workstation,,Strength,,,,,,,,,,,,,,,,,,,,STRENGTH:Certegra_Workstation,,
8YkpORj,entities/8YkpORj,ProductGroup,Nimotop Tab 30 Mg,,Strength,,,,,,,,,,,,,,,,,,,,STRENGTH:Nimotop_Tab_30_Mg,,
8YkpShz,entities/8YkpShz,ProductGroup,"Dopergin 0.2Mg, Tab",,Strength,,,,,,,,,,,,,,,,,,,,"STRENGTH:Dopergin_0.2Mg,_Tab",,
8YkpWyF,entities/8YkpWyF,ProductGroup,"Base Service, R&I Ot",,Strength,,,,,,,,,,,,,,,,,,,,"STRENGTH:Base_Service,_R&I_Ot",,
8YkpbEV,entities/8YkpbEV,ProductGroup,"AT 10 Perls 0,5Mg",,Strength,,,,,,,,,,,,,,,,,,,,"STRENGTH:AT_10_Perls_0,5Mg",,
8YkpfUl,entities/8YkpfUl,ProductGroup,Betaferon Cmbp Titr,,Strength,,,,,,,,,,,,,,,,,,,,STRENGTH:Betaferon_Cmbp_Titr,,
8YkpsHX,entities/8YkpsHX,ProductGroup,Nifedipin Cap 5Mg,,Strength,,,,,,,,,,,,,,,,,,,,STRENGTH:Nifedipin_Cap_5Mg,,
8YkpwXn,entities/8YkpwXn,ProductGroup,Xarelto Tab 20Mg,,Strength,,,,,,,,,,,,,,,,,,,,STRENGTH:Xarelto_Tab_20Mg,,
8Ykq0o3,entities/8Ykq0o3,ProductGroup,Avanta Hand Controll,,Strength,,,,,,,,,,,,,,,,,,,,STRENGTH:Avanta_Hand_Controll,,
8Ykq54J,entities/8Ykq54J,ProductGroup,"Pernexin, Others",,Strength,,,,,,,,,,,,,,,,,,,,"STRENGTH:Pernexin,_Others",,
8Ykq9KZ,entities/8Ykq9KZ,ProductGroup,Cipro Tabl 500 Mg,,Strength,,,,,,,,,,,,,,,,,,,,STRENGTH:Cipro_Tabl_500_Mg,,
8YkqDap,entities/8YkqDap,ProductGroup,"Progynova 1 Mg, 20 C",,Strength,,,,,,,,,,,,,,,,,,,8YkqDap,"STRENGTH:Progynova_1_Mg,_20_C",,
8YkqHr5,entities/8YkqHr5,ProductGroup,"Atosil Inj.Sol.2,5%",,Strength,,,,,,,,,,,,,,,,,,,,"STRENGTH:Atosil_Inj.Sol.2,5%",,
8YkqM7L,entities/8YkqM7L,ProductGroup,"Nubeqa, 300 mg",,Strength,,,,,,,,,,,,,,,,,,,,"STRENGTH:Nubeqa,_300_mg",,
8YkqQNb,entities/8YkqQNb,ProductGroup,MV vial 1x5ml,,Strength,,,,,,,,,,,,,,,,,,,,STRENGTH:MV_vial_1x5ml,,
8YkqUdr,entities/8YkqUdr,ProductGroup,"Nova T 380, Iud",,Strength,,,,,,,,,,,,,,,,,,,,"STRENGTH:Nova_T_380,_Iud",,
8YkqhQd,entities/8YkqhQd,ProductGroup,CT Syringe Other,,Strength,,,,,,,,,,,,,,,,,,,,STRENGTH:CT_Syringe_Other,,
8Ykqlgt,entities/8Ykqlgt,ProductGroup,"Diane 35, 21 Ctb",,Strength,,,,,,,,,,,,,,,,,,,,"STRENGTH:Diane_35,_21_Ctb",,
8Ykqpx9,entities/8Ykqpx9,ProductGroup,Kinzal/Pritor 80/25M,,Strength,,,,,,,,,,,,,,,,,,,,STRENGTH:Kinzal/Pritor_80/25M,,
8YkquDP,entities/8YkquDP,ProductGroup,Kogenate Bio500 I.U.,,Strength,,,,,,,,,,,,,,,,,,,,STRENGTH:Kogenate_Bio500_I.U.,,
8YkqyTf,entities/8YkqyTf,ProductGroup,MR Injector Parts &,,Strength,,,,,,,,,,,,,,,,,,,,STRENGTH:MR_Injector_Parts_&,,
8Ykr70B,entities/8Ykr70B,ProductGroup,"Ventavis, Nebulizer",,Strength,,,,,,,,,,,,,,,,,,,,"STRENGTH:Ventavis,_Nebulizer",,
8YkrBGR,entities/8YkrBGR,ProductGroup,Levitra Ta 20 Mg,,Strength,,,,,,,,,,,,,,,,,,,,STRENGTH:Levitra_Ta_20_Mg,,
8YkrFWh,entities/8YkrFWh,ProductGroup,AngioInjector  Parts,,Strength,,,,,,,,,,,,,,,,,,,,STRENGTH:AngioInjector__Parts,,
8YkrJmx,entities/8YkrJmx,ProductGroup,Service Parts - MR,,Strength,,,,,,,,,,,,,,,,,,,,STRENGTH:Service_Parts_-_MR,,
8YkrO3D,entities/8YkrO3D,ProductGroup,"Climara 100, Patch",,Strength,,,,,,,,,,,,,,,,,,,,"STRENGTH:Climara_100,_Patch",,
8YkrSJT,entities/8YkrSJT,ProductGroup,"Minisiston, Ctb 21",,Strength,,,,,,,,,,,,,,,,,,,,"STRENGTH:Minisiston,_Ctb_21",,
8YkrWZj,entities/8YkrWZj,ProductGroup,Stivarga Tab 40 Mg,,Strength,,,,,,,,,,,,,,,,,,,,STRENGTH:Stivarga_Tab_40_Mg,,
8Ykrapz,entities/8Ykrapz,ProductGroup,GV 1.0 vial 1x2ml,,Strength,,,,,,,,,,,,,,,,,,,,STRENGTH:GV_1.0_vial_1x2ml,,
8Ykrf6F,entities/8Ykrf6F,ProductGroup,Toshiba Master,,Strength,,,,,,,,,,,,,,,,,,,,STRENGTH:Toshiba_Master,,
8YkrjMV,entities/8YkrjMV,ProductGroup,Cipro Tabl 750 Mg,,Strength,,,,,,,,,,,,,,,,,,,,STRENGTH:Cipro_Tabl_750_Mg,,
8Ykrncl,entities/8Ykrncl,ProductGroup,Kogenate FS 250 I.U.,,Strength,,,,,,,,,,,,,,,,,,,,STRENGTH:Kogenate_FS_250_I.U.,,
8Ykrrt1,entities/8Ykrrt1,ProductGroup,Philips,,Strength,,,,,,,,,,,,,,,,,,,,STRENGTH:Philips,,
8Ykrw9H,entities/8Ykrw9H,ProductGroup,MV .0002 pfs 1x20ml,,Strength,,,,,,,,,,,,,,,,,,,,STRENGTH:MV_.0002_pfs_1x20ml,,
8Yks0PX,entities/8Yks0PX,ProductGroup,CWS Hardware,,Strength,,,,,,,,,,,,,,,,,,,,STRENGTH:CWS_Hardware,,
8Yks8w3,entities/8Yks8w3,ProductGroup,Avanta Accessories,,Strength,,,,,,,,,,,,,,,,,,,,STRENGTH:Avanta_Accessories,,
8YksDCJ,entities/8YksDCJ,ProductGroup,UV 370 B 1x500ml,,Strength,,,,,,,,,,,,,,,,,,,,STRENGTH:UV_370_B_1x500ml,,
8YksHSZ,entities/8YksHSZ,ProductGroup,Nifedipin Tab10Mg Re,,Strength,,,,,,,,,,,,,,,,,,,,STRENGTH:Nifedipin_Tab10Mg_Re,,
8YksLip,entities/8YksLip,ProductGroup,Kovaltry 250 I.U.,,Strength,,,,,,,,,,,,,,,,,,,,STRENGTH:Kovaltry_250_I.U.,,
8YksPz5,entities/8YksPz5,ProductGroup,Intego PAS,,Strength,,,,,,,,,,,,,,,,,,,,STRENGTH:Intego_PAS,,
8YksUFL,entities/8YksUFL,ProductGroup,Klimonorm 21 Ctb,,Strength,,,,,,,,,,,,,,,,,,,,STRENGTH:Klimonorm_21_Ctb,,
8YksYVb,entities/8YksYVb,ProductGroup,Avanta Single Inject,,Strength,,,,,,,,,,,,,,,,,,,,STRENGTH:Avanta_Single_Inject,,
8Yksclr,entities/8Yksclr,ProductGroup,Avanta Sheath,,Strength,,,,,,,,,,,,,,,,,,,,STRENGTH:Avanta_Sheath,,
8Yksh27,entities/8Yksh27,ProductGroup,Nisoldipin Ta10Mg,,Strength,,,,,,,,,,,,,,,,,,,,STRENGTH:Nisoldipin_Ta10Mg,,
8YkslIN,entities/8YkslIN,ProductGroup,MEDRAD Coil Repair,,Strength,,,,,,,,,,,,,,,,,,,,STRENGTH:MEDRAD_Coil_Repair,,
8YkspYd,entities/8YkspYd,ProductGroup,"Triquilar, 21 Ctb",,Strength,,,,,,,,,,,,,,,,,,,,"STRENGTH:Triquilar,_21_Ctb",,
8Ykstot,entities/8Ykstot,ProductGroup,Dotagraf 1.0 VL 10x2,,Strength,,,,,,,,,,,,,,,,,,,,STRENGTH:Dotagraf_1.0_VL_10x2,,
8Yksy59,entities/8Yksy59,ProductGroup,MV vial 10x15ml,,Strength,,,,,,,,,,,,,,,,,,,,STRENGTH:MV_vial_10x15ml,,
8Ykt6bf,entities/8Ykt6bf,ProductGroup,Upgrade Kit Master,,Strength,,,,,,,,,,,,,,,,,,,,STRENGTH:Upgrade_Kit_Master,,
8YktArv,entities/8YktArv,ProductGroup,UV 240 B 10x50ml,,Strength,,,,,,,,,,,,,,,,,,,,STRENGTH:UV_240_B_10x50ml,,
8YktF8B,entities/8YktF8B,ProductGroup,"Biltricid Ta0,6G",,Strength,,,,,,,,,,,,,,,,,,,,"STRENGTH:Biltricid_Ta0,6G",,
8YktJOR,entities/8YktJOR,ProductGroup,"Eylea PFS 2Mg/0,05 M",,Strength,,,,,,,,,,,,,,,,,,,,"STRENGTH:Eylea_PFS_2Mg/0,05_M",,
8YktNeh,entities/8YktNeh,ProductGroup,"Urografin 76 %, 200",,Strength,,,,,,,,,,,,,,,,,,,,"STRENGTH:Urografin_76_%,_200",,
8YktRux,entities/8YktRux,ProductGroup,"Nimot S Inj.Sol0,02%",,Strength,,,,,,,,,,,,,,,,,,,,"STRENGTH:Nimot_S_Inj.Sol0,02%",,
8YktaRT,entities/8YktaRT,ProductGroup,Xarelto Tab 15Mg,,Strength,,,,,,,,,,,,,,,,,,,,STRENGTH:Xarelto_Tab_15Mg,,
8Yktehj,entities/8Yktehj,ProductGroup,UV 300 B 1x150ml,,Strength,,,,,,,,,,,,,,,,,,,,STRENGTH:UV_300_B_1x150ml,,
8Yktixz,entities/8Yktixz,ProductGroup,Arterion Single Inje,,Strength,,,,,,,,,,,,,,,,,,,,STRENGTH:Arterion_Single_Inje,,
8YktnEF,entities/8YktnEF,ProductGroup,"Triquilar, 21+7 Ctb",,Strength,,,,,,,,,,,,,,,,,,,,"STRENGTH:Triquilar,_21+7_Ctb",,
8YktrUV,entities/8YktrUV,ProductGroup,Kogenate Bio3000 I.U,,Strength,,,,,,,,,,,,,,,,,,,,STRENGTH:Kogenate_Bio3000_I.U,,
8Yktvkl,entities/8Yktvkl,ProductGroup,"Xarelto Tab 2,5Mg",,Strength,,,,,,,,,,,,,,,,,,,,"STRENGTH:Xarelto_Tab_2,5Mg",,
8Yku011,entities/8Yku011,ProductGroup,Kovaltry 2000 I.U.,,Strength,,,,,,,,,,,,,,,,,,,,STRENGTH:Kovaltry_2000_I.U.,,
8Yku8XX,entities/8Yku8XX,ProductGroup,Salient Disposables,,Strength,,,,,,,,,,,,,,,,,,,,STRENGTH:Salient_Disposables,,
8YkuCnn,entities/8YkuCnn,ProductGroup,Service Parts - Othe,,Strength,,,,,,,,,,,,,,,,,,,,STRENGTH:Service_Parts_-_Othe,,
8YkuLKJ,entities/8YkuLKJ,ProductGroup,Saroten Tabs 75Mg,,Strength,,,,,,,,,,,,,,,,,,,,STRENGTH:Saroten_Tabs_75Mg,,
8YkuTqp,entities/8YkuTqp,ProductGroup,Lefax Enzym F Pankr,,Strength,,,,,,,,,,,,,,,,,,,,STRENGTH:Lefax_Enzym_F_Pankr,,
8YkucNL,entities/8YkucNL,ProductGroup,Kogenate Bio1000 I.U,,Strength,,,,,,,,,,,,,,,,,,,,STRENGTH:Kogenate_Bio1000_I.U,,
8Ykugdb,entities/8Ykugdb,ProductGroup,Cipro Susp5G/100Ml5%,,Strength,,,,,,,,,,,,,,,,,,,,STRENGTH:Cipro_Susp5G/100Ml5%,,
8YkupA7,entities/8YkupA7,ProductGroup,Interface Dictation,,Strength,,,,,,,,,,,,,,,,,,,,STRENGTH:Interface_Dictation,,
8YkutQN,entities/8YkutQN,ProductGroup,Stellant Accessories,,Strength,,,,,,,,,,,,,,,,,,,,STRENGTH:Stellant_Accessories,,
8Ykuxgd,entities/8Ykuxgd,ProductGroup,"Stivarga, Oral",,Strength,,,,,,,,,,,,,,,,,,,,"STRENGTH:Stivarga,_Oral",,
8Ykv1wt,entities/8Ykv1wt,ProductGroup,Mirena Ius,,Strength,,,,,,,,,,,,,,,,,,,,STRENGTH:Mirena_Ius,,
8Ykv6D9,entities/8Ykv6D9,ProductGroup,UV 300 V 10x10ml,,Strength,,,,,,,,,,,,,,,,,,,,STRENGTH:UV_300_V_10x10ml,,
8YkvATP,entities/8YkvATP,ProductGroup,Comital Tab,,Strength,,,,,,,,,,,,,,,,,,,,STRENGTH:Comital_Tab,,
8YkvEjf,entities/8YkvEjf,ProductGroup,Informatics Accessor,,Strength,,,,,,,,,,,,,,,,,,,,STRENGTH:Informatics_Accessor,,
8YkvIzv,entities/8YkvIzv,ProductGroup,"Dopergin 0.5Mg, Tab",,Strength,,,,,,,,,,,,,,,,,,,,"STRENGTH:Dopergin_0.5Mg,_Tab",,
8YkvNGB,entities/8YkvNGB,ProductGroup,Bonefos Solution,,Strength,,,,,,,,,,,,,,,,,,,,STRENGTH:Bonefos_Solution,,
8YkvRWR,entities/8YkvRWR,ProductGroup,Probe Disposables,,Strength,,,,,,,,,,,,,,,,,,,,STRENGTH:Probe_Disposables,,
8Ykva2x,entities/8Ykva2x,ProductGroup,Avelox Tab400Mg,,Strength,,,,,,,,,,,,,,,,,,,,STRENGTH:Avelox_Tab400Mg,,
8YkveJD,entities/8YkveJD,ProductGroup,"Noctamid 2Mg, Tab",,Strength,,,,,,,,,,,,,,,,,,,,"STRENGTH:Noctamid_2Mg,_Tab",,
8YkviZT,entities/8YkviZT,ProductGroup,Salient Single Head,,Strength,,,,,,,,,,,,,,,,,,,,STRENGTH:Salient_Single_Head,,
8Ykvmpj,entities/8Ykvmpj,ProductGroup,Ultrasound Disposabl,,Strength,,,,,,,,,,,,,,,,,,,,STRENGTH:Ultrasound_Disposabl,,
8Ykvr5z,entities/8Ykvr5z,ProductGroup,JIVI 2000 I.U.,,Strength,,,,,,,,,,,,,,,,,,,,STRENGTH:JIVI_2000_I.U.,,
8YkvvMF,entities/8YkvvMF,ProductGroup,Ciatyl-Z Drop,,Strength,,,,,,,,,,,,,,,,,,,,STRENGTH:Ciatyl-Z_Drop,,
8YkvzcV,entities/8YkvzcV,ProductGroup,Avidia Syringes,,Strength,,,,,,,,,,,,,,,,,,,,STRENGTH:Avidia_Syringes,,
8Ykw3sl,entities/8Ykw3sl,ProductGroup,JIVI 1000I.U.,,Strength,,,,,,,,,,,,,,,,,,,,STRENGTH:JIVI_1000I.U.,,
8YkwCPH,entities/8YkwCPH,ProductGroup,Dotagraf 1.0 BT 1x60,,Strength,,,,,,,,,,,,,,,,,,,,STRENGTH:Dotagraf_1.0_BT_1x60,,
DkII5Wy,entities/DkII5Wy,ProductGroup,Kogenate Bioset,,Strength,,,,,,,,,,,,,,,,,,,,STRENGTH:Kogenate_Bioset,,
DkIIE3U,entities/DkIIE3U,ProductGroup,Control Tabl 1 Mg,,Strength,,,,,,,,,,,,,,,,,,,,STRENGTH:Control_Tabl_1_Mg,,
DkIIZMm,entities/DkIIZMm,ProductGroup,UV 370 Centargo Coff,,Strength,,,,,,,,,,,,,,,,,,,,STRENGTH:UV_370_Centargo_Coff,,
DkIIhtI,entities/DkIIhtI,ProductGroup,Xofigo Vial,,Strength,,,,,,,,,,,,,,,,,,,,STRENGTH:Xofigo_Vial,,
DkIIug4,entities/DkIIug4,ProductGroup,Dotagraf 1.0 VL 1x15,,Strength,,,,,,,,,,,,,,,,,,,,STRENGTH:Dotagraf_1.0_VL_1x15,,
DkIIywK,entities/DkIIywK,ProductGroup,Other Drops,,Strength,,,,,,,,,,,,,,,,,,,,STRENGTH:Other_Drops,,
DkIJX2O,entities/DkIJX2O,ProductGroup,MRXperion Injectors,,Strength,,,,,,,,,,,,,,,,,,,,STRENGTH:MRXperion_Injectors,,
DkIJfYu,entities/DkIJfYu,ProductGroup,Testosteron Depot,,Strength,,,,,,,,,,,,,,,,,,,,STRENGTH:Testosteron_Depot,,
DkIJsLg,entities/DkIJsLg,ProductGroup,Ciatyl-Z Inj.Sol1Ml,,Strength,,,,,,,,,,,,,,,,,,,,STRENGTH:Ciatyl-Z_Inj.Sol1Ml,,
DkIKMBU,entities/DkIKMBU,ProductGroup,Fluanxol Inj.Sol10%,,Strength,,,,,,,,,,,,,,,,,,,,STRENGTH:Fluanxol_Inj.Sol10%,,
DkIKYyG,entities/DkIKYyG,ProductGroup,"Leganto, 2 Mg Patch",,Strength,,,,,,,,,,,,,,,,,,,,"STRENGTH:Leganto,_2_Mg_Patch",,
DkILBKa,entities/DkILBKa,ProductGroup,Base,,Strength,,,,,,,,,,,,,,,,,,,,STRENGTH:Base,,
DkILWds,entities/DkILWds,ProductGroup,Cardiovascular,,Strength,,,,,,,,,,,,,,,,,,,,STRENGTH:Cardiovascular,,
DkILau8,entities/DkILau8,ProductGroup,UV 370 V 10x20ml,,Strength,,,,,,,,,,,,,,,,,,,,STRENGTH:UV_370_V_10x20ml,,
DkILrxA,entities/DkILrxA,ProductGroup,UV 370 B 1x150ml,,Strength,,,,,,,,,,,,,,,,,,,,STRENGTH:UV_370_B_1x150ml,,
DkIMYZk,entities/DkIMYZk,ProductGroup,Nitropfl Plaster10Mg,,Strength,,,,,,,,,,,,,,,,,,,,STRENGTH:Nitropfl_Plaster10Mg,,
DkINAw4,entities/DkINAw4,ProductGroup,Nitropfl Plaster15Mg,,Strength,,,,,,,,,,,,,,,,,,,,STRENGTH:Nitropfl_Plaster15Mg,,
DkINFCK,entities/DkINFCK,ProductGroup,Baypen Inj.Sol1G,,Strength,,,,,,,,,,,,,,,,,,,,STRENGTH:Baypen_Inj.Sol1G,,
DkINJSa,entities/DkINJSa,ProductGroup,Fludara Film Tablets,,Strength,,,,,,,,,,,,,,,,,,,,STRENGTH:Fludara_Film_Tablets,,
DkINRz6,entities/DkINRz6,ProductGroup,Felison Caps 30 Mg,,Strength,,,,,,,,,,,,,,,,,,,,STRENGTH:Felison_Caps_30_Mg,,
DkIO4LQ,entities/DkIO4LQ,ProductGroup,"Pasaden 1Mg, Tab",,Strength,,,,,,,,,,,,,,,,,,,,"STRENGTH:Pasaden_1Mg,_Tab",,
DkIOTuy,entities/DkIOTuy,ProductGroup,Neurocil Inj.Sol25Mg,,Strength,,,,,,,,,,,,,,,,,,,,STRENGTH:Neurocil_Inj.Sol25Mg,,
DkIOYBE,entities/DkIOYBE,ProductGroup,GV 1.0 pfs 1x10ml,,Strength,,,,,,,,,,,,,,,,,,,,STRENGTH:GV_1.0_pfs_1x10ml,,
DkIOghk,entities/DkIOghk,ProductGroup,TEE Probes,,Strength,,,,,,,,,,,,,,,,,,,,STRENGTH:TEE_Probes,,
DkIP6HI,entities/DkIP6HI,ProductGroup,Bonefos 800Mg Tab,,Strength,,,,,,,,,,,,,,,,,,,,STRENGTH:Bonefos_800Mg_Tab,,
DkIPNKK,entities/DkIPNKK,ProductGroup,Fluanxol Drag 2 Mg,,Strength,,,,,,,,,,,,,,,,,,,,STRENGTH:Fluanxol_Drag_2_Mg,,
DkIPa76,entities/DkIPa76,ProductGroup,Nifedipin Ccta30Mg,,Strength,,,,,,,,,,,,,,,,,,,,STRENGTH:Nifedipin_Ccta30Mg,,
DkIQ3wu,entities/DkIQ3wu,ProductGroup,"Resochin Tab 0,25 G",,Strength,,,,,,,,,,,,,,,,,,,,"STRENGTH:Resochin_Tab_0,25_G",,
DkIQCTQ,entities/DkIQCTQ,ProductGroup,UV 300 PFC 10x100ml,,Strength,,,,,,,,,,,,,,,,,,,,STRENGTH:UV_300_PFC_10x100ml,,
DkIQopk,entities/DkIQopk,ProductGroup,MV 0.5 B 10x100ml,,Strength,,,,,,,,,,,,,,,,,,,,STRENGTH:MV_0.5_B_10x100ml,,
DkIRIfY,entities/DkIRIfY,ProductGroup,Intego Accessories,,Strength,,,,,,,,,,,,,,,,,,,,STRENGTH:Intego_Accessories,,
DkIRRC4,entities/DkIRRC4,ProductGroup,"Prent Tab 0,2 G",,Strength,,,,,,,,,,,,,,,,,,,,"STRENGTH:Prent_Tab_0,2_G",,
597ZYnw,entities/597ZYnw,ProductGroup,UV 300 B 1x500ml,,Strength,,,,,,,,,,,,,,,,,,,,STRENGTH:UV_300_B_1x500ml,,
597Zpqy,entities/597Zpqy,ProductGroup,Dotagraf 1.0 VL 10x1,,Strength,,,,,,,,,,,,,,,,,,,,STRENGTH:Dotagraf_1.0_VL_10x1,,
597a6u0,entities/597a6u0,ProductGroup,Tredalat Ta10/100Mg,,Strength,,,,,,,,,,,,,,,,,,,,STRENGTH:Tredalat_Ta10/100Mg,,
597aBAG,entities/597aBAG,ProductGroup,PROLUTON DEPOT 250MG,Proluton Depot 250Mg,Strength,Strength:73373:250MG:4401109:GB,,,,,,,,,,,,,,,,,,,STRENGTH:Proluton_Depot_250Mg,,
597aFQW,entities/597aFQW,ProductGroup,Nisoldipin Ccta10Mg,,Strength,,,,,,,,,,,,,,,,,,,,STRENGTH:Nisoldipin_Ccta10Mg,,
597aSDI,entities/597aSDI,ProductGroup,Fluanxol Inj.Sol2%,,Strength,,,,,,,,,,,,,,,,,,,,STRENGTH:Fluanxol_Inj.Sol2%,,
597af04,entities/597af04,ProductGroup,Essure,,Strength,,,,,,,,,,,,,,,,,,,,STRENGTH:Essure,,
597ajGK,entities/597ajGK,ProductGroup,"Corti Fluoral, Sol",,Strength,,,,,,,,,,,,,,,,,,,,"STRENGTH:Corti_Fluoral,_Sol",,
597bD68,entities/597bD68,ProductGroup,JIVI 500 I.U.,,Strength,,,,,,,,,,,,,,,,,,,,STRENGTH:JIVI_500_I.U.,,
597c2FE,entities/597c2FE,ProductGroup,Levofolene I.M. 25Mg,,Strength,,,,,,,,,,,,,,,,,,,,STRENGTH:Levofolene_I.M._25Mg,,
597cF20,entities/597cF20,ProductGroup,GV 1.0 vial 10x15ml,,Strength,,,,,,,,,,,,,,,,,,,,STRENGTH:GV_1.0_vial_10x15ml,,
597ciro,entities/597ciro,ProductGroup,Suspension Device,,Strength,,,,,,,,,,,,,,,,,,,,STRENGTH:Suspension_Device,,
597cvea,entities/597cvea,ProductGroup,Nisoldipin Ccta30Mg,,Strength,,,,,,,,,,,,,,,,,,,,STRENGTH:Nisoldipin_Ccta30Mg,,
597eVgW,entities/597eVgW,ProductGroup,Sativex Mouthspr10Ml,,Strength,,,,,,,,,,,,,,,,,,,,STRENGTH:Sativex_Mouthspr10Ml,,
597eeD2,entities/597eeD2,ProductGroup,UV 300 PFC 1x150ml,,Strength,,,,,,,,,,,,,,,,,,,,STRENGTH:UV_300_PFC_1x150ml,,
597emjY,entities/597emjY,ProductGroup,Felison Caps 15 Mg,,Strength,,,,,,,,,,,,,,,,,,,,STRENGTH:Felison_Caps_15_Mg,,
597f3ma,entities/597f3ma,ProductGroup,"Fluanxol Drag 0,5 Mg",,Strength,,,,,,,,,,,,,,,,,,,,"STRENGTH:Fluanxol_Drag_0,5_Mg",,
597fGZM,entities/597fGZM,ProductGroup,"Resochin Tab 0,081G",,Strength,,,,,,,,,,,,,,,,,,,,"STRENGTH:Resochin_Tab_0,081G",,
597fg8u,entities/597fg8u,ProductGroup,"Microgynon 50, 21 Ct",,Strength,,,,,,,,,,,,,,,,,,,,"STRENGTH:Microgynon_50,_21_Ct",,
597g1SC,entities/597g1SC,ProductGroup,Avidia Pedestal Inje,,Strength,,,,,,,,,,,,,,,,,,,,STRENGTH:Avidia_Pedestal_Inje,,
597g9yi,entities/597g9yi,ProductGroup,Dotagraf 1.0 VL 1x20,,Strength,,,,,,,,,,,,,,,,,,,,STRENGTH:Dotagraf_1.0_VL_1x20,,
597gIVE,entities/597gIVE,ProductGroup,Levofolene I.V 175Mg,,Strength,,,,,,,,,,,,,,,,,,,,STRENGTH:Levofolene_I.V_175Mg,,
597gqbI,entities/597gqbI,ProductGroup,UV 370 PFC 1x125ml,,Strength,,,,,,,,,,,,,,,,,,,,STRENGTH:UV_370_PFC_1x125ml,,
b0fBprf,entities/b0fBprf,ProductGroup,Cyclo-Progynova 2/50,,Strength,,,,,,,,,,,,,,,,,,,,STRENGTH:Cyclo-Progynova_2/50,,
b0fCf0l,entities/b0fCf0l,ProductGroup,Verquvo Tab 5 Mg,,Strength,,,,,,,,,,,,,,,,,,,,STRENGTH:Verquvo_Tab_5_Mg,,
b0fDgwd,entities/b0fDgwd,ProductGroup,"Verquvo Tab 2,5 Mg",,Strength,,,,,,,,,,,,,,,,,,,,"STRENGTH:Verquvo_Tab_2,5_Mg",,
b0fDlCt,entities/b0fDlCt,ProductGroup,Mycospor/Bifonazol,,Strength,,,,,,,,,,,,,,,,,,,,STRENGTH:Mycospor/Bifonazol,,
b0fDpT9,entities/b0fDpT9,ProductGroup,Iblias 500 I.U.,,Strength,,,,,,,,,,,,,,,,,,,,STRENGTH:Iblias_500_I.U.,,
b0fDxzf,entities/b0fDxzf,ProductGroup,Ciproflox. Ear Drop,,Strength,,,,,,,,,,,,,,,,,,,,STRENGTH:Ciproflox._Ear_Drop,,
b0fF4Bn,entities/b0fF4Bn,ProductGroup,GB Pharma Total,,Strength,,,,,,,,,,,,,,,,,,,,STRENGTH:GB_Pharma_Total,,
b0fHTMp,entities/b0fHTMp,ProductGroup,Benexol 5000,,Strength,,,,,,,,,,,,,,,,,,,,STRENGTH:Benexol_5000,,
b0fIqbz,entities/b0fIqbz,ProductGroup,Kovaltry,,Strength,,,,,,,,,,,,,,,,,,,,STRENGTH:Kovaltry,,
b0fJfl5,entities/b0fJfl5,ProductGroup,"Recofol 2%, Emulsion",,Strength,,,,,,,,,,,,,,,,,,,,"STRENGTH:Recofol_2%,_Emulsion",,
b0fLfMZ,entities/b0fLfMZ,ProductGroup,Ibuprofen Cap 600Mg,,Strength,,,,,,,,,,,,,,,,,,,,STRENGTH:Ibuprofen_Cap_600Mg,,
b0fN6rz,entities/b0fN6rz,ProductGroup,GV 1.0 pfc 1x15ml,,Strength,,,,,,,,,,,,,,,,,,,,STRENGTH:GV_1.0_pfc_1x15ml,,
b0fNNv1,entities/b0fNNv1,ProductGroup,Aqua Amp 2 Ml,,Strength,,,,,,,,,,,,,,,,,,,,STRENGTH:Aqua_Amp_2_Ml,,
b0fNahn,entities/b0fNahn,ProductGroup,GV 1.0 pfs 1x5ml,,Strength,,,,,,,,,,,,,,,,,,,,STRENGTH:GV_1.0_pfs_1x5ml,,
b0fUOfL,entities/b0fUOfL,ProductGroup,"Ventavis, Others",,Strength,,,,,,,,,,,,,,,,,,,,"STRENGTH:Ventavis,_Others",,
b0fUwlP,entities/b0fUwlP,ProductGroup,Berlimed-Es Tm-Codes,,Strength,,,,,,,,,,,,,,,,,,,,STRENGTH:Berlimed-Es_Tm-Codes,,
b0fWFkJ,entities/b0fWFkJ,ProductGroup,Eylea Solution,,Strength,,,,,,,,,,,,,,,,,,,,STRENGTH:Eylea_Solution,,
b0fWSX5,entities/b0fWSX5,ProductGroup,Gadovist Other,,Strength,,,,,,,,,,,,,,,,,,,,STRENGTH:Gadovist_Other,,
b0fY6pH,entities/b0fY6pH,ProductGroup,"Installations,Inform",,Strength,,,,,,,,,,,,,,,,,,,,"STRENGTH:Installations,Inform",,
b0fYNsJ,entities/b0fYNsJ,ProductGroup,New Research Product,,Strength,,,,,,,,,,,,,,,,,,,,STRENGTH:New_Research_Product,,
1AWktL0I,entities/1AWktL0I,ProductGroup,"Meliane, 21+7 Ctb",,Strength,,,,,,,,,,,,,,,,,,,,"STRENGTH:Meliane,_21+7_Ctb",,
1AWktoq6,entities/1AWktoq6,ProductGroup,"Pontalsic Ta37,5/325",,Strength,,,,,,,,,,,,,,,,,,,,"STRENGTH:Pontalsic_Ta37,5/325",,
1AWkuA9O,entities/1AWkuA9O,ProductGroup,Trasyl Injvial500000,,Strength,,,,,,,,,,,,,,,,,,,,STRENGTH:Trasyl_Injvial500000,,
1AWkuRCQ,entities/1AWkuRCQ,ProductGroup,Kogenate 1000 I.U.,,Strength,,,,,,,,,,,,,,,,,,,,STRENGTH:Kogenate_1000_I.U.,,
1AWkwQnu,entities/1AWkwQnu,ProductGroup,Generica Others,,Strength,,,,,,,,,,,,,,,,,,,,STRENGTH:Generica_Others,,
1AWkwV4A,entities/1AWkwV4A,ProductGroup,"Dobuject 5%, Sol",,Strength,,,,,,,,,,,,,,,,,,,,"STRENGTH:Dobuject_5%,_Sol",,
1AWky0pq,entities/1AWky0pq,ProductGroup,Iblias 1000I.U.,,Strength,,,,,,,,,,,,,,,,,,,,STRENGTH:Iblias_1000I.U.,,
1AWkyM98,entities/1AWkyM98,ProductGroup,Iblias 250 I.U.,,Strength,,,,,,,,,,,,,,,,,,,,STRENGTH:Iblias_250_I.U.,,
1AWkzf82,entities/1AWkzf82,ProductGroup,"Nova T 200, Iud",,Strength,,,,,,,,,,,,,,,,,,,,"STRENGTH:Nova_T_200,_Iud",,
1AWl28ZK,entities/1AWl28ZK,ProductGroup,Adalat / Nifedipin,,Strength,,,,,,,,,,,,,,,,,,,,STRENGTH:Adalat_/_Nifedipin,,
1AWl3ibG,entities/1AWl3ibG,ProductGroup,Bifonazol Cream1%,,Strength,,,,,,,,,,,,,,,,,,,,STRENGTH:Bifonazol_Cream1%,,
1AWl3zeI,entities/1AWl3zeI,ProductGroup,Aliqopa Vial,,Strength,,,,,,,,,,,,,,,,,,,,STRENGTH:Aliqopa_Vial,,
1AWl5mT0,entities/1AWl5mT0,ProductGroup,"Clotrimazol Vgta0,5G",,Strength,,,,,,,,,,,,,,,,,,,,"STRENGTH:Clotrimazol_Vgta0,5G",,
1AWl6C2Y,entities/1AWl6C2Y,ProductGroup,Primobolan 100Mg Sol,,Strength,,,,,,,,,,,,,,,,,,,,STRENGTH:Primobolan_100Mg_Sol,,
1AWlBHRe,entities/1AWlBHRe,ProductGroup,Primolut Nor 5Mg Tab,,Strength,,,,,,,,,,,,,,,,,,,,STRENGTH:Primolut_Nor_5Mg_Tab,,
1AWlCWAI,entities/1AWlCWAI,ProductGroup,"Nuvelle, 28 Ctb",,Strength,,,,,,,,,,,,,,,,,,,,"STRENGTH:Nuvelle,_28_Ctb",,
1AWlDCms,entities/1AWlDCms,ProductGroup,OthWomensHealth(WHC),,Strength,,,,,,,,,,,,,,,,,,,,STRENGTH:OthWomensHealth(WHC),,
1AWlDY6A,entities/1AWlDY6A,ProductGroup,Cipro Sachets 500Mg,,Strength,,,,,,,,,,,,,,,,,,,,STRENGTH:Cipro_Sachets_500Mg,,
1AWlDgcg,entities/1AWlDgcg,ProductGroup,Cipro Act.Ingr.,,Strength,,,,,,,,,,,,,,,,,,,,STRENGTH:Cipro_Act.Ingr.,,
1AWlPr2M,entities/1AWlPr2M,ProductGroup,Derm RX API,,Strength,,,,,,,,,,,,,,,,,,,,STRENGTH:Derm_RX_API,,
1AWlQXew,entities/1AWlQXew,ProductGroup,"Gravistat, Ctb",,Strength,,,,,,,,,,,,,,,,,,,,"STRENGTH:Gravistat,_Ctb",,
1BJWJndU,entities/1BJWJndU,ProductGroup,Clotrimazol,,Strength,,,,,,,,,,,,,,,,,,,,STRENGTH:Clotrimazol,,
1BJWLAse,entities/1BJWLAse,ProductGroup,Padutin,,Strength,,,,,,,,,,,,,,,,,,,,STRENGTH:Padutin,,
1BJWN6Ds,entities/1BJWN6Ds,ProductGroup,Verquvo Tab 10 Mg,,Strength,,,,,,,,,,,,,,,,,,,,STRENGTH:Verquvo_Tab_10_Mg,,
1BJWOt2a,entities/1BJWOt2a,ProductGroup,Loxo-195,,Strength,,,,,,,,,,,,,,,,,,,,STRENGTH:Loxo-195,,
1BJWR9h6,entities/1BJWR9h6,ProductGroup,Other Oncology Prod.,,Strength,,,,,,,,,,,,,,,,,,,,STRENGTH:Other_Oncology_Prod.,,
1BJWUrr2,entities/1BJWUrr2,ProductGroup,Benexol1000,,Strength,,,,,,,,,,,,,,,,,,,,STRENGTH:Benexol1000,,
1BJWUw7I,entities/1BJWUw7I,ProductGroup,Iblias 3000 IU,,Strength,,,,,,,,,,,,,,,,,,,,STRENGTH:Iblias_3000_IU,,
1BJWVpWe,entities/1BJWVpWe,ProductGroup,"Yasmin 30, 21+7 Ftb",,Strength,,,,,,,,,,,,,,,,,,,,"STRENGTH:Yasmin_30,_21+7_Ftb",,
1BJWY1uu,entities/1BJWY1uu,ProductGroup,Aspirin Tab 81 Mg,,Strength,,,,,,,,,,,,,,,,,,,,STRENGTH:Aspirin_Tab_81_Mg,,
1BJWZ872,entities/1BJWZ872,ProductGroup,GV 1.0 B 1x65ml,,Strength,,,,,,,,,,,,,,,,,,,,STRENGTH:GV_1.0_B_1x65ml,,
1BJWcm0i,entities/1BJWcm0i,ProductGroup,Mycospor / Bifonazol,,Strength,,,,,,,,,,,,,,,,,,,,STRENGTH:Mycospor_/_Bifonazol,,
1BJWfBBk,entities/1BJWfBBk,ProductGroup,UV 300 B 10x20ml,,Strength,,,,,,,,,,,,,,,,,,,,STRENGTH:UV_300_B_10x20ml,,
1BJWgPuO,entities/1BJWgPuO,ProductGroup,"Diane 35, 21+7 Ctb",,Strength,,,,,,,,,,,,,,,,,,,,"STRENGTH:Diane_35,_21+7_Ctb",,
1BJWh2Gi,entities/1BJWh2Gi,ProductGroup,Rheumon/Etofenamat,,Strength,,,,,,,,,,,,,,,,,,,,STRENGTH:Rheumon/Etofenamat,,
1BJWhaMm,entities/1BJWhaMm,ProductGroup,"Eylea, Parent",,Strength,,,,,,,,,,,,,,,,,,,,"STRENGTH:Eylea,_Parent",,
1BJWjvHY,entities/1BJWjvHY,ProductGroup,Iblias 2000I.U.,,Strength,,,,,,,,,,,,,,,,,,,,STRENGTH:Iblias_2000I.U.,,
b0fsJv9,entities/b0fsJv9,ProductGroup,"Valette, 21 Ctb",,Strength,,,,,,,,,,,,,,,,,,,,"STRENGTH:Valette,_21_Ctb",,
b0fvpIJ,entities/b0fvpIJ,ProductGroup,Gb Ph Total Others,,Strength,,,,,,,,,,,,,,,,,,,,STRENGTH:Gb_Ph_Total_Others,,
1BtsKwA7,entities/1BtsKwA7,ProductGroup,Vitamin D3 Cap 1000,,Strength,,,,,,,,,,,,,,,,,,,,STRENGTH:Vitamin_D3_Cap_1000,,
1AWlSKTe,entities/1AWlSKTe,ProductGroup,Aliqopa,,Strength,,,,,,,,,,,,,,,,,,,,STRENGTH:Aliqopa,,
hvcIFz0,entities/hvcIFz0,ProductGroup,Stellant MP Patient,,Strength,,,,,,,,,,,,,,,,,,,,STRENGTH:Stellant_MP_Patient,,
ubR1JXU,entities/ubR1JXU,ProductGroup,Upgrade Kit,,Strength,,,,,,,,,,,,,,,,,,,,STRENGTH:Upgrade_Kit,,
K1OmkEe,entities/K1OmkEe,ProductGroup,Kerendia Tab 20 mg,,Strength,,,,,,,,,,,,,,,,,,,,STRENGTH:Kerendia_Tab_20_mg,,
IH4sWVu,entities/IH4sWVu,ProductGroup,GV 1.0 pfs 1x15ml,,Strength,,,,,,,,,,,,,,,,,,,,STRENGTH:GV_1.0_pfs_1x15ml,,
IH50Qfa,entities/IH50Qfa,ProductGroup,Kerendia Tab 10 mg,,Strength,,,,,,,,,,,,,,,,,,,,STRENGTH:Kerendia_Tab_10_mg,,
IH53ajS,entities/IH53ajS,ProductGroup,Coffret GV 1.0 PFS 1,,Strength,,,,,,,,,,,,,,,,,,,,STRENGTH:Coffret_GV_1.0_PFS_1,,
IH5IN6w,entities/IH5IN6w,ProductGroup,Elinzanetant Others,,Strength,,,,,,,,,,,,,,,,,,,,STRENGTH:Elinzanetant_Others,,
K1Pa6Vw,entities/K1Pa6Vw,ProductGroup,GV 1.0 pfs 1x7.5ml,,Strength,,,,,,,,,,,,,,,,,,,,STRENGTH:GV_1.0_pfs_1x7.5ml,,
K1Q0z2q,entities/K1Q0z2q,ProductGroup,Coffret GV 1.0 PFS 7,,Strength,,,,,,,,,,,,,,,,,,,,STRENGTH:Coffret_GV_1.0_PFS_7,,
K1QLx1Y,entities/K1QLx1Y,ProductGroup,"Vitrakvi, Oral",,Strength,,,,,,,,,,,,,,,,,,,,"STRENGTH:Vitrakvi,_Oral",,
K1QRS0C,entities/K1QRS0C,ProductGroup,"Avaden, Others",,Strength,,,,,,,,,,,,,,,,,,,,"STRENGTH:Avaden,_Others",,
11isM6Qb,entities/11isM6Qb,ProductGroup,GV 1.0 vial 10x10ml,,Strength,,,,,,,,,,,,,,,,,,,11isM6Qb,STRENGTH:GV_1.0_vial_10x10ml,,
xHnCjpU,entities/xHnCjpU,ProductGroup,JIVI 250 I.U.,,Strength,,,,,,,,,,,,,,,,,,,,STRENGTH:JIVI 250_I.U.,,
erTjoe3,entities/erTjoe3,ProductGroup,Continuum Pumps,,Strength,,,,,,,,,,,,,,,,,,,,STRENGTH:Continuum_Pumps,,
Z6jvhN5,entities/Z6jvhN5,ProductGroup,Androcur Gyn 10Mg,,Strength,,,,,,,,,,,,,,,,,,,,STRENGTH:Androcur_Gyn_10Mg,,
Z6jvyQ7,entities/Z6jvyQ7,ProductGroup,Cipro Pi400Mg Flbags,,Strength,,,,,,,,,,,,,,,,,,,,STRENGTH:Cipro_Pi400Mg_Flbags,,
17tLBeQw,entities/17tLBeQw,ProductGroup,UV 300 V 1x10ml,,Strength,,,,,,,,,,,,,,,,,,,,STRENGTH:UV_300_V_1x10ml,,
17tLFV7O,entities/17tLFV7O,ProductGroup,Dotagraf 1.0 Vial,,Strength,,,,,,,,,,,,,,,,,,,,STRENGTH:Dotagraf_1.0_Vial,,
17tLL062,entities/17tLL062,ProductGroup,"CO2 Insufflation, Sy",,Strength,,,,,,,,,,,,,,,,,,,,"STRENGTH:CO2_Insufflation,_Sy",,
17tLQ5V8,entities/17tLQ5V8,ProductGroup,GV 1.0 pfs 5x20ml,,Strength,,,,,,,,,,,,,,,,,,,,STRENGTH:GV_1.0_pfs_5x20ml,,
17tLQV4g,entities/17tLQV4g,ProductGroup,UV 240 B 1x200ml,,Strength,,,,,,,,,,,,,,,,,,,,STRENGTH:UV_240_B_1x200ml,,
197KhuaT,entities/197KhuaT,ProductGroup,Software License,,Strength,,,,,,,,,,,,,,,,,,,,STRENGTH:Software_License,,
197Ki7NF,entities/197Ki7NF,ProductGroup,Dotagraf 1.0 BT 10x6,,Strength,,,,,,,,,,,,,,,,,,,,STRENGTH:Dotagraf_1.0_BT_10x6,,
197KtFr3,entities/197KtFr3,ProductGroup,GV 1.0 pfs 1x20ml,,Strength,,,,,,,,,,,,,,,,,,,,STRENGTH:GV_1.0_pfs_1x20ml,,
erUCYFv,entities/erUCYFv,ProductGroup,"Aqua-Ampoule 2,5Ml",,Strength,,,,,,,,,,,,,,,,,,,,"STRENGTH:Aqua-Ampoule_2,5Ml",,
exCfDCQ,entities/exCfDCQ,ProductGroup,"Climara 25, Patch",,Strength,,,,,,,,,,,,,,,,,,,exCfDCQ,"STRENGTH:Climara_25,_Patch",,
exCh018,entities/exCh018,ProductGroup,Scilin 300 Iu,,Strength,,,,,,,,,,,,,,,,,,,exCh018,STRENGTH:Scilin_300_Iu,,
exChY7C,entities/exChY7C,ProductGroup,Scilin Pen,,Strength,,,,,,,,,,,,,,,,,,,exChY7C,STRENGTH:Scilin_Pen,,
8yCwWTW,entities/8yCwWTW,ProductGroup,Nifed Oros Pl Ta30Mg,,Strength,,,,,,,,,,,,,,,,,,,8yCwWTW,STRENGTH:Nifed_Oros_Pl_Ta30Mg,,
eNcH2ca,entities/eNcH2ca,ProductGroup,Radiation Dose Manag,,Strength,,,,,,,,,,,,,,,,,,,eNcH2ca,STRENGTH:Radiation_Dose_Manag,,
eNcHNvs,entities/eNcHNvs,ProductGroup,Vistron Plus Injecto,,Strength,,,,,,,,,,,,,,,,,,,,STRENGTH:Vistron_Plus_Injecto,,
eNcIgum,entities/eNcIgum,ProductGroup,Scilin 400 Iu,,Strength,,,,,,,,,,,,,,,,,,,eNcIgum,STRENGTH:Scilin_400_Iu,,
hf9g02R,entities/hf9g02R,ProductGroup,Arterion Accessories,,Strength,,,,,,,,,,,,,,,,,,,,STRENGTH:Arterion_Accessories,,
hf9juz9,entities/hf9juz9,ProductGroup,Vistron Plus Accesso,,Strength,,,,,,,,,,,,,,,,,,,,STRENGTH:Vistron_Plus_Accesso,,
8YkwGfX,entities/8YkwGfX,ProductGroup,UV 300 B 8x500ml,,Strength,,,,,,,,,,,,,,,,,,,,STRENGTH:UV_300_B_8x500ml,,
8YkwKvn,entities/8YkwKvn,ProductGroup,PV .025 pfs 1x10ml,,Strength,,,,,,,,,,,,,,,,,,,,STRENGTH:PV_.025_pfs_1x10ml,,
8YkwPC3,entities/8YkwPC3,ProductGroup,Intego Injector,Intego Injectors Oth,Strength,,,,,,,,,,,,,,,,,,,,STRENGTH:Intego_Injector,STRENGTH:Intego_Injectors_Oth,
8YkwTSJ,entities/8YkwTSJ,ProductGroup,Stellant Disposables,,Strength,,,,,,,,,,,,,,,,,,,,STRENGTH:Stellant_Disposables,,
8YkwXiZ,entities/8YkwXiZ,ProductGroup,MV vial 10x30ml,,Strength,,,,,,,,,,,,,,,,,,,,STRENGTH:MV_vial_10x30ml,,
8Ykwbyp,entities/8Ykwbyp,ProductGroup,Nifedipin Ta20Mg Ret,,Strength,,,,,,,,,,,,,,,,,,,,STRENGTH:Nifedipin_Ta20Mg_Ret,,
8YkwgF5,entities/8YkwgF5,ProductGroup,Nifedipi Oros Ta20Mg,,Strength,,,,,,,,,,,,,,,,,,,,STRENGTH:Nifedipi_Oros_Ta20Mg,,
8Ykwolb,entities/8Ykwolb,ProductGroup,GV 1.0 pfc 5x30ml,,Strength,,,,,,,,,,,,,,,,,,,,STRENGTH:GV_1.0_pfc_5x30ml,,
8Ykwt1r,entities/8Ykwt1r,ProductGroup,Service Parts - CT,,Strength,,,,,,,,,,,,,,,,,,,,STRENGTH:Service_Parts_-_CT,,
8YkwxI7,entities/8YkwxI7,ProductGroup,Nimotop Drops 4%,,Strength,,,,,,,,,,,,,,,,,,,,STRENGTH:Nimotop_Drops_4%,,
8Ykx5od,entities/8Ykx5od,ProductGroup,"Adempas Tab 2,0 Mg",,Strength,,,,,,,,,,,,,,,,,,,,"STRENGTH:Adempas_Tab_2,0_Mg",,
8YkxA4t,entities/8YkxA4t,ProductGroup,ProVis Disposables,,Strength,,,,,,,,,,,,,,,,,,,,STRENGTH:ProVis_Disposables,,
8YkxIbP,entities/8YkxIbP,ProductGroup,FLS I Syringes,,Strength,,,,,,,,,,,,,,,,,,,,STRENGTH:FLS_I_Syringes,,
8YkxR7v,entities/8YkxR7v,ProductGroup,GV 1.0 B 10x65ml,,Strength,,,,,,,,,,,,,,,,,,,,STRENGTH:GV_1.0_B_10x65ml,,
8YkxVOB,entities/8YkxVOB,ProductGroup,"Jaydess Ius,13,5 Mg",,Strength,,,,,,,,,,,,,,,,,,,,"STRENGTH:Jaydess_Ius,13,5_Mg",,
8YkxiAx,entities/8YkxiAx,ProductGroup,Centargo Accessories,,Strength,,,,,,,,,,,,,,,,,,,,STRENGTH:Centargo_Accessories,,
8YkxmRD,entities/8YkxmRD,ProductGroup,Levitra Ta 5 Mg,,Strength,,,,,,,,,,,,,,,,,,,,STRENGTH:Levitra_Ta_5_Mg,,
8YkxqhT,entities/8YkxqhT,ProductGroup,Cipro Su10G/100Ml10%,,Strength,,,,,,,,,,,,,,,,,,,,STRENGTH:Cipro_Su10G/100Ml10%,,
8Ykxuxj,entities/8Ykxuxj,ProductGroup,"Kinzal/Pritor 40/12,",,Strength,,,,,,,,,,,,,,,,,,,,"STRENGTH:Kinzal/Pritor_40/12,",,
8YkxzDz,entities/8YkxzDz,ProductGroup,Starter Package Mast,,Strength,,,,,,,,,,,,,,,,,,,,STRENGTH:Starter_Package_Mast,,
8Yky3UF,entities/8Yky3UF,ProductGroup,Levitra ODT Ta 10 Mg,,Strength,,,,,,,,,,,,,,,,,,,,STRENGTH:Levitra_ODT_Ta_10_Mg,,
8Yky7kV,entities/8Yky7kV,ProductGroup,UV 300 B 10x200ml,,Strength,,,,,,,,,,,,,,,,,,,,STRENGTH:UV_300_B_10x200ml,,
8YkyC0l,entities/8YkyC0l,ProductGroup,Siemens and Toschiba,,Strength,,,,,,,,,,,,,,,,,,,,STRENGTH:Siemens_and_Toschiba,,
8YkyGH1,entities/8YkyGH1,ProductGroup,Avanta MPAT,,Strength,,,,,,,,,,,,,,,,,,,,STRENGTH:Avanta_MPAT,,
8YkyKXH,entities/8YkyKXH,ProductGroup,Solaris Disposables,,Strength,,,,,,,,,,,,,,,,,,,,STRENGTH:Solaris_Disposables,,
8YkyOnX,entities/8YkyOnX,ProductGroup,Kogenate FS 500 I.U.,,Strength,,,,,,,,,,,,,,,,,,,,STRENGTH:Kogenate_FS_500_I.U.,,
8YkybaJ,entities/8YkybaJ,ProductGroup,Angeliq 1/2,,Strength,,,,,,,,,,,,,,,,,,,,STRENGTH:Angeliq_1/2,,
8YkyoN5,entities/8YkyoN5,ProductGroup,Levofolene 7.5Mg Tab,,Strength,,,,,,,,,,,,,,,,,,,,STRENGTH:Levofolene_7.5Mg_Tab,,
8YkysdL,entities/8YkysdL,ProductGroup,Cipro Tabl 250 Mg,,Strength,,,,,,,,,,,,,,,,,,,,STRENGTH:Cipro_Tabl_250_Mg,,
8Ykywtb,entities/8Ykywtb,ProductGroup,RAI Other,,Strength,,,,,,,,,,,,,,,,,,,,STRENGTH:RAI_Other,,
8Ykz19r,entities/8Ykz19r,ProductGroup,UV 370 V 1x20ml,,Strength,,,,,,,,,,,,,,,,,,,,STRENGTH:UV_370_V_1x20ml,,
8Ykz5Q7,entities/8Ykz5Q7,ProductGroup,Nitrendipin Ta10Mg,,Strength,,,,,,,,,,,,,,,,,,,,STRENGTH:Nitrendipin_Ta10Mg,,
8Ykz9gN,entities/8Ykz9gN,ProductGroup,"Femovan, 21 Ctb",,Strength,,,,,,,,,,,,,,,,,,,,"STRENGTH:Femovan,_21_Ctb",,
8YkzDwd,entities/8YkzDwd,ProductGroup,MV vial 1x15ml,,Strength,,,,,,,,,,,,,,,,,,,,STRENGTH:MV_vial_1x15ml,,
8YkzICt,entities/8YkzICt,ProductGroup,Legacy CM,,Strength,,,,,,,,,,,,,,,,,,,,STRENGTH:Legacy_CM,,
8YkzMT9,entities/8YkzMT9,ProductGroup,Radiology Other,,Strength,,,,,,,,,,,,,,,,,,,,STRENGTH:Radiology_Other,,
8YkzQjP,entities/8YkzQjP,ProductGroup,"Testogel, 2.5 Gel",,Strength,,,,,,,,,,,,,,,,,,,,"STRENGTH:Testogel,_2.5_Gel",,
8YkzdWB,entities/8YkzdWB,ProductGroup,Centargo Injector,,Strength,,,,,,,,,,,,,,,,,,,,STRENGTH:Centargo_Injector,,
8YkzhmR,entities/8YkzhmR,ProductGroup,"Avaden, 28 Ftb",,Strength,,,,,,,,,,,,,,,,,,,,"STRENGTH:Avaden,_28_Ftb",,
8Ykzm2h,entities/8Ykzm2h,ProductGroup,MRXperion Injector,,Strength,,,,,,,,,,,,,,,,,,,,STRENGTH:MRXperion_Injector,,
8YkzqIx,entities/8YkzqIx,ProductGroup,XARELTO 1MG/ML GRANU,,Strength,,,,,,,,,,,,,,,,,,,,STRENGTH:XARELTO_1MG/ML_GRANU,,
8YkzuZD,entities/8YkzuZD,ProductGroup,MV vial 1x30ml,,Strength,,,,,,,,,,,,,,,,,,,,STRENGTH:MV_vial_1x30ml,,
8YkzypT,entities/8YkzypT,ProductGroup,GV 1.0 pfs 5x10ml,,Strength,,,,,,,,,,,,,,,,,,,,STRENGTH:GV_1.0_pfs_5x10ml,,
8Yl035j,entities/8Yl035j,ProductGroup,Cipro Inj.Vial100Mg,,Strength,,,,,,,,,,,,,,,,,,,,STRENGTH:Cipro_Inj.Vial100Mg,,
8Yl0BcF,entities/8Yl0BcF,ProductGroup,GE Master,,Strength,,,,,,,,,,,,,,,,,,,,STRENGTH:GE_Master,,
8Yl0SfH,entities/8Yl0SfH,ProductGroup,"Adempas Tab 1,0 Mg",,Strength,,,,,,,,,,,,,,,,,,,,"STRENGTH:Adempas_Tab_1,0_Mg",,
8Yl0bBn,entities/8Yl0bBn,ProductGroup,"Adempas Tab 1,5 Mg",,Strength,,,,,,,,,,,,,,,,,,,,"STRENGTH:Adempas_Tab_1,5_Mg",,
8Yl0fS3,entities/8Yl0fS3,ProductGroup,"Urografin 76 %, 20 m",,Strength,,,,,,,,,,,,,,,,,,,,"STRENGTH:Urografin_76_%,_20_m",,
8Yl0nyZ,entities/8Yl0nyZ,ProductGroup,Androcur Thera 100Mg,,Strength,,,,,,,,,,,,,,,,,,,,STRENGTH:Androcur_Thera_100Mg,,
8Yl0sEp,entities/8Yl0sEp,ProductGroup,"Aspirin N Tab  0,1 G",,Strength,,,,,,,,,,,,,,,,,,,,"STRENGTH:Aspirin_N_Tab__0,1_G",,
8Yl0wV5,entities/8Yl0wV5,ProductGroup,Germanin Inje.Sol.,,Strength,,,,,,,,,,,,,,,,,,,,STRENGTH:Germanin_Inje.Sol.,,
8Yl10lL,entities/8Yl10lL,ProductGroup,Salient Dual Head In,,Strength,,,,,,,,,,,,,,,,,,,,STRENGTH:Salient_Dual_Head_In,,
8Yl19Hr,entities/8Yl19Hr,ProductGroup,Intego SAS,,Strength,,,,,,,,,,,,,,,,,,,,STRENGTH:Intego_SAS,,
8Yl1M4d,entities/8Yl1M4d,ProductGroup,"Progynova 2 Mg, 20 C",,Strength,,,,,,,,,,,,,,,,,,,,"STRENGTH:Progynova_2_Mg,_20_C",,
8Yl1QKt,entities/8Yl1QKt,ProductGroup,"Aspirin N Tab  0,3 G",,Strength,,,,,,,,,,,,,,,,,,,,"STRENGTH:Aspirin_N_Tab__0,3_G",,
8Yl1Ub9,entities/8Yl1Ub9,ProductGroup,"Urografin 30 %, 250",,Strength,,,,,,,,,,,,,,,,,,,,"STRENGTH:Urografin_30_%,_250",,
8Yl1YrP,entities/8Yl1YrP,ProductGroup,Betaferon Applik.Set,,Strength,,,,,,,,,,,,,,,,,,,,STRENGTH:Betaferon_Applik.Set,,
8Yl1d7f,entities/8Yl1d7f,ProductGroup,TAG Syringes,,Strength,,,,,,,,,,,,,,,,,,,,STRENGTH:TAG_Syringes,,
8Yl1leB,entities/8Yl1leB,ProductGroup,GV 1.0 pfs 5x7.5ml,,Strength,,,,,,,,,,,,,,,,,,,,STRENGTH:GV_1.0_pfs_5x7.5ml,,
8Yl2BDj,entities/8Yl2BDj,ProductGroup,Salient Syringes,,Strength,,,,,,,,,,,,,,,,,,,,STRENGTH:Salient_Syringes,,
8Yl2JkF,entities/8Yl2JkF,ProductGroup,Kovaltry 500 I.U.,,Strength,,,,,,,,,,,,,,,,,,,,STRENGTH:Kovaltry_500_I.U.,,
8Yl2SGl,entities/8Yl2SGl,ProductGroup,Gynodian Depot Sol,,Strength,,,,,,,,,,,,,,,,,,,,STRENGTH:Gynodian_Depot_Sol,,
8Yl2WX1,entities/8Yl2WX1,ProductGroup,Cortiron Depot 50Mg,,Strength,,,,,,,,,,,,,,,,,,,,STRENGTH:Cortiron_Depot_50Mg,,
8Yl2anH,entities/8Yl2anH,ProductGroup,"Campath 30, 1 Sol",,Strength,,,,,,,,,,,,,,,,,,,,"STRENGTH:Campath_30,_1_Sol",,
8Yl2f3X,entities/8Yl2f3X,ProductGroup,Vitrakvi 100mg CAPS,,Strength,,,,,,,,,,,,,,,,,,,,STRENGTH:Vitrakvi_100mg_CAPS,,
8Yl3D9b,entities/8Yl3D9b,ProductGroup,Nitrendipin Sol5G,,Strength,,,,,,,,,,,,,,,,,,,,STRENGTH:Nitrendipin_Sol5G,,
8Yl3HPr,entities/8Yl3HPr,ProductGroup,PV 0.25 vial 1x10ml,,Strength,,,,,,,,,,,,,,,,,,,,STRENGTH:PV_0.25_vial_1x10ml,,
8Yl3Lg7,entities/8Yl3Lg7,ProductGroup,Continuum Disposable,,Strength,,,,,,,,,,,,,,,,,,,,STRENGTH:Continuum_Disposable,,
8Yl3UCd,entities/8Yl3UCd,ProductGroup,"Climodien, Others",,Strength,,,,,,,,,,,,,,,,,,,,"STRENGTH:Climodien,_Others",,
8Yl3cj9,entities/8Yl3cj9,ProductGroup,UV 370 B 10x150ml,,Strength,,,,,,,,,,,,,,,,,,,,STRENGTH:UV_370_B_10x150ml,,
8Yl3gzP,entities/8Yl3gzP,ProductGroup,"Fluanxol Tab 0,5 mg",,Strength,,,,,,,,,,,,,,,,,,,,"STRENGTH:Fluanxol_Tab_0,5_mg",,
8Yl3lFf,entities/8Yl3lFf,ProductGroup,Day Set,,Strength,,,,,,,,,,,,,,,,,,,,STRENGTH:Day_Set,,
8Yl3tmB,entities/8Yl3tmB,ProductGroup,Stellant Injectors O,,Strength,,,,,,,,,,,,,,,,,,,,STRENGTH:Stellant_Injectors_O,,
8Yl42Ih,entities/8Yl42Ih,ProductGroup,Arterion PLUS Hand C,,Strength,,,,,,,,,,,,,,,,,,,,STRENGTH:Arterion_PLUS_Hand_C,,
8Yl4ApD,entities/8Yl4ApD,ProductGroup,"Base Service,Therape",,Strength,,,,,,,,,,,,,,,,,,,,"STRENGTH:Base_Service,Therape",,
8Yl4F5T,entities/8Yl4F5T,ProductGroup,Transfer Sets,,Strength,,,,,,,,,,,,,,,,,,,,STRENGTH:Transfer_Sets,,
8Yl4RsF,entities/8Yl4RsF,ProductGroup,Nitropfl Plaster 5Mg,,Strength,,,,,,,,,,,,,,,,,,,,STRENGTH:Nitropfl_Plaster_5Mg,,
8Yl4W8V,entities/8Yl4W8V,ProductGroup,"Yasminelle, 21+7 Ftb",,Strength,,,,,,,,,,,,,,,,,,,,"STRENGTH:Yasminelle,_21+7_Ftb",,
8Yl4ef1,entities/8Yl4ef1,ProductGroup,Cardiac,,Strength,,,,,,,,,,,,,,,,,,,,STRENGTH:Cardiac,,
8Yl4ivH,entities/8Yl4ivH,ProductGroup,"Base Service,Monitor",,Strength,,,,,,,,,,,,,,,,,,,,"STRENGTH:Base_Service,Monitor",,
8Yl4nBX,entities/8Yl4nBX,ProductGroup,"Mirelle, Ftb 24+4",,Strength,,,,,,,,,,,,,,,,,,,,"STRENGTH:Mirelle,_Ftb_24+4",,
8Yl58Up,entities/8Yl58Up,ProductGroup,Kinzal/Pritor Ta 20M,,Strength,,,,,,,,,,,,,,,,,,,,STRENGTH:Kinzal/Pritor_Ta_20M,,
8Yl5Cl5,entities/8Yl5Cl5,ProductGroup,Fluanxol Drop 5 %,,Strength,,,,,,,,,,,,,,,,,,,,STRENGTH:Fluanxol_Drop_5_%,,
8Yl5H1L,entities/8Yl5H1L,ProductGroup,"Leganto, 1 Mg Patch",,Strength,,,,,,,,,,,,,,,,,,,,"STRENGTH:Leganto,_1_Mg_Patch",,
8Yl5PXr,entities/8Yl5PXr,ProductGroup,"Climara 50, Patch",,Strength,,,,,,,,,,,,,,,,,,,,"STRENGTH:Climara_50,_Patch",,
8Yl5To7,entities/8Yl5To7,ProductGroup,GV 1.0 pfc 1x20ml,,Strength,,,,,,,,,,,,,,,,,,,,STRENGTH:GV_1.0_pfc_1x20ml,,
DkHjiPw,entities/DkHjiPw,ProductGroup,"Yasminelle, 21 Ftb",,Strength,,,,,,,,,,,,,,,,,,,,"STRENGTH:Yasminelle,_21_Ftb",,
DkHjmgC,entities/DkHjmgC,ProductGroup,Stellant MP Day Kit,,Strength,,,,,,,,,,,,,,,,,,,,STRENGTH:Stellant_MP_Day_Kit,,
DkHjqwS,entities/DkHjqwS,ProductGroup,Coffret GV PFS 10ml,,Strength,,,,,,,,,,,,,,,,,,,,STRENGTH:Coffret_GV_PFS_10ml,,
DkHjzSy,entities/DkHjzSy,ProductGroup,"Pasaden 0.5Mg, Tab",,Strength,,,,,,,,,,,,,,,,,,,,"STRENGTH:Pasaden_0.5Mg,_Tab",,
DkHk3jE,entities/DkHk3jE,ProductGroup,MV 0.5 B 1x100ml,,Strength,,,,,,,,,,,,,,,,,,,,STRENGTH:MV_0.5_B_1x100ml,,
DkHk7zU,entities/DkHk7zU,ProductGroup,Androcur Thera 50Mg,,Strength,,,,,,,,,,,,,,,,,,,,STRENGTH:Androcur_Thera_50Mg,,
DkHkCFk,entities/DkHkCFk,ProductGroup,UV 370 B 1x100ml,,Strength,,,,,,,,,,,,,,,,,,,,STRENGTH:UV_370_B_1x100ml,,
DkHkGW0,entities/DkHkGW0,ProductGroup,Proluton Depot 500Mg,,Strength,,,,,,,,,,,,,,,,,,,,STRENGTH:Proluton_Depot_500Mg,,
DkHkP2W,entities/DkHkP2W,ProductGroup,Spike,,Strength,,,,,,,,,,,,,,,,,,,,STRENGTH:Spike,,
DkHkbpI,entities/DkHkbpI,ProductGroup,ProVis Rack Injector,,Strength,,,,,,,,,,,,,,,,,,,,STRENGTH:ProVis_Rack_Injector,,
DkHkx8a,entities/DkHkx8a,ProductGroup,Coffret GV PFS 15ml,,Strength,,,,,,,,,,,,,,,,,,,,STRENGTH:Coffret_GV_PFS_15ml,,
DkHl1Oq,entities/DkHl1Oq,ProductGroup,Avanta SPAT,,Strength,,,,,,,,,,,,,,,,,,,,STRENGTH:Avanta_SPAT,,
DkHl5f6,entities/DkHl5f6,ProductGroup,Stellant Single Syri,,Strength,,,,,,,,,,,,,,,,,,,,STRENGTH:Stellant_Single_Syri,,
DkHlIRs,entities/DkHlIRs,ProductGroup,Audio Systems,,Strength,,,,,,,,,,,,,,,,,,,,STRENGTH:Audio_Systems,,
DkHlMi8,entities/DkHlMi8,ProductGroup,Neurocil Oblta100Mg,,Strength,,,,,,,,,,,,,,,,,,,,STRENGTH:Neurocil_Oblta100Mg,,
DkHlQyO,entities/DkHlQyO,ProductGroup,Solaris Injector,,Strength,,,,,,,,,,,,,,,,,,,,STRENGTH:Solaris_Injector,,
DkHlVEe,entities/DkHlVEe,ProductGroup,Metbay Tab 500Mg,,Strength,,,,,,,,,,,,,,,,,,,,STRENGTH:Metbay_Tab_500Mg,,
DkHli1Q,entities/DkHli1Q,ProductGroup,UV 300 B 1x75ml,,Strength,,,,,,,,,,,,,,,,,,,,STRENGTH:UV_300_B_1x75ml,,
DkHlz4S,entities/DkHlz4S,ProductGroup,MV vial 10x10ml,,Strength,,,,,,,,,,,,,,,,,,,,STRENGTH:MV_vial_10x10ml,,
DkHmBrE,entities/DkHmBrE,ProductGroup,Kogenate Bio250 I.U.,,Strength,,,,,,,,,,,,,,,,,,,,STRENGTH:Kogenate_Bio250_I.U.,,
DkHmG7U,entities/DkHmG7U,ProductGroup,"Urografin 30 %, 10 m",,Strength,,,,,,,,,,,,,,,,,,,,"STRENGTH:Urografin_30_%,_10_m",,
DkHmKNk,entities/DkHmKNk,ProductGroup,"Maveral 100Mg, Tab",,Strength,,,,,,,,,,,,,,,,,,,,"STRENGTH:Maveral_100Mg,_Tab",,
DkHmSuG,entities/DkHmSuG,ProductGroup,MV 0.5 pfs 1x20ml,,Strength,,,,,,,,,,,,,,,,,,,,STRENGTH:MV_0.5_pfs_1x20ml,,
DkHn10K,entities/DkHn10K,ProductGroup,"Prent Tab 0,4 G",,Strength,,,,,,,,,,,,,,,,,,,,"STRENGTH:Prent_Tab_0,4_G",,
DkHnI3M,entities/DkHnI3M,ProductGroup,ProVis Pedestal Inje,,Strength,,,,,,,,,,,,,,,,,,,,STRENGTH:ProVis_Pedestal_Inje,,
DkHnMJc,entities/DkHnMJc,ProductGroup,"Saroten Inj.Sol 2,5%",,Strength,,,,,,,,,,,,,,,,,,,,"STRENGTH:Saroten_Inj.Sol_2,5%",,
DkHnuPg,entities/DkHnuPg,ProductGroup,"Nalador 500, Powder",,Strength,,,,,,,,,,,,,,,,,,,,"STRENGTH:Nalador_500,_Powder",,
DkHnyfw,entities/DkHnyfw,ProductGroup,"Visanne, 28 Tab",,Strength,,,,,,,,,,,,,,,,,,,,"STRENGTH:Visanne,_28_Tab",,
DkHoBSi,entities/DkHoBSi,ProductGroup,"Maveral 50Mg, Tab",,Strength,,,,,,,,,,,,,,,,,,,,"STRENGTH:Maveral_50Mg,_Tab",,
DkHoSVk,entities/DkHoSVk,ProductGroup,"Aspirin Tab 0,3 G",,Strength,,,,,,,,,,,,,,,,,,,,"STRENGTH:Aspirin_Tab_0,3_G",,
DkHojYm,entities/DkHojYm,ProductGroup,"Primolut N 5Mg, Tab",,Strength,,,,,,,,,,,,,,,,,,,,"STRENGTH:Primolut_N_5Mg,_Tab",,
DkHp0bo,entities/DkHp0bo,ProductGroup,"Ventavis, Solution",,Strength,,,,,,,,,,,,,,,,,,,,"STRENGTH:Ventavis,_Solution",,
DkHp4s4,entities/DkHp4s4,ProductGroup,Cipro Inj.Bot200Mg,,Strength,,,,,,,,,,,,,,,,,,,,STRENGTH:Cipro_Inj.Bot200Mg,,
DkHpDOa,entities/DkHpDOa,ProductGroup,"Nebido, 25% Sol",,Strength,,,,,,,,,,,,,,,,,,,,"STRENGTH:Nebido,_25%_Sol",,
DkHpHeq,entities/DkHpHeq,ProductGroup,UV 370 B 10x100ml,,Strength,,,,,,,,,,,,,,,,,,,,STRENGTH:UV_370_B_10x100ml,,
DkHpURc,entities/DkHpURc,ProductGroup,GV 1.0 vial 1x7.5ml,,Strength,,,,,,,,,,,,,,,,,,,,STRENGTH:GV_1.0_vial_1x7.5ml,,
DkHphEO,entities/DkHphEO,ProductGroup,MV vial 1x10ml,,Strength,,,,,,,,,,,,,,,,,,,,STRENGTH:MV_vial_1x10ml,,
DkHpu1A,entities/DkHpu1A,ProductGroup,Kovaltry 1000I.U.,,Strength,,,,,,,,,,,,,,,,,,,,STRENGTH:Kovaltry_1000I.U.,,
DkHpyHQ,entities/DkHpyHQ,ProductGroup,"Base Service,Virtual",,Strength,,,,,,,,,,,,,,,,,,,,"STRENGTH:Base_Service,Virtual",,
DkHq2Xg,entities/DkHq2Xg,ProductGroup,Fludara Powder,,Strength,,,,,,,,,,,,,,,,,,,,STRENGTH:Fludara_Powder,,
DkHqB4C,entities/DkHqB4C,ProductGroup,Arterion Syringes,,Strength,,,,,,,,,,,,,,,,,,,,STRENGTH:Arterion_Syringes,,
DkHqFKS,entities/DkHqFKS,ProductGroup,KOGENATE,Kogenate,Strength,Strength:4103:NA:4400697:GB,,,,,,,,,,,,,,,,,,,STRENGTH:Kogenate,,
DkHqS7E,entities/DkHqS7E,ProductGroup,Cipro Inj.Vial400Mg,,Strength,,,,,,,,,,,,,,,,,,,,STRENGTH:Cipro_Inj.Vial400Mg,,
DkHqadk,entities/DkHqadk,ProductGroup,GV 1.0 pfs 5x5ml,,Strength,,,,,,,,,,,,,,,,,,,,STRENGTH:GV_1.0_pfs_5x5ml,,
DkHqnQW,entities/DkHqnQW,ProductGroup,"Climen, 21 Ctb",,Strength,,,,,,,,,,,,,,,,,,,,"STRENGTH:Climen,_21_Ctb",,
DkHr0DI,entities/DkHr0DI,ProductGroup,MV 0.5 pfs 1x15ml,,Strength,,,,,,,,,,,,,,,,,,,,STRENGTH:MV_0.5_pfs_1x15ml,,
DkHr8jo,entities/DkHr8jo,ProductGroup,Kogenate Bio2000 I.U,,Strength,,,,,,,,,,,,,,,,,,,,STRENGTH:Kogenate_Bio2000_I.U,,
DkHrD04,entities/DkHrD04,ProductGroup,"Yasmin 30, 21 Ftb",,Strength,,,,,,,,,,,,,,,,,,,,"STRENGTH:Yasmin_30,_21_Ftb",,
DkHrLWa,entities/DkHrLWa,ProductGroup,Nifedipin Ccta60Mg,,Strength,,,,,,,,,,,,,,,,,,,,STRENGTH:Nifedipin_Ccta60Mg,,
DkHrYJM,entities/DkHrYJM,ProductGroup,Kinzal/Pritor Ta 40M,,Strength,,,,,,,,,,,,,,,,,,,,STRENGTH:Kinzal/Pritor_Ta_40M,,
DkHrxsu,entities/DkHrxsu,ProductGroup,Ciatyl-Z Tab2Mg,,Strength,,,,,,,,,,,,,,,,,,,,STRENGTH:Ciatyl-Z_Tab2Mg,,
DkHs29A,entities/DkHs29A,ProductGroup,GV 1.0 vial 1x15ml,,Strength,,,,,,,,,,,,,,,,,,,,STRENGTH:GV_1.0_vial_1x15ml,,
DkHs6PQ,entities/DkHs6PQ,ProductGroup,Derm Goods LEO,,Strength,,,,,,,,,,,,,,,,,,,,STRENGTH:Derm_Goods_LEO,,
DkHsAfg,entities/DkHsAfg,ProductGroup,UV 300 B 1x100ml,,Strength,,,,,,,,,,,,,,,,,,,,STRENGTH:UV_300_B_1x100ml,,
DkHsEvw,entities/DkHsEvw,ProductGroup,JIVI 3000 I.U.,,Strength,,,,,,,,,,,,,,,,,,,,STRENGTH:JIVI_3000_I.U.,,
DkHsNSS,entities/DkHsNSS,ProductGroup,Interface PACS Maste,,Strength,,,,,,,,,,,,,,,,,,,,STRENGTH:Interface_PACS_Maste,,
DkHsVyy,entities/DkHsVyy,ProductGroup,UV 300 Centargo Coff,,Strength,,,,,,,,,,,,,,,,,,,,STRENGTH:UV_300_Centargo_Coff,,
DkHsaFE,entities/DkHsaFE,ProductGroup,MRXperion Syringes,,Strength,,,,,,,,,,,,,,,,,,,,STRENGTH:MRXperion_Syringes,,
DkHsilk,entities/DkHsilk,ProductGroup,"Gastrografin, 100 ml",,Strength,,,,,,,,,,,,,,,,,,,,"STRENGTH:Gastrografin,_100_ml",,
DkHszom,entities/DkHszom,ProductGroup,Monitor Parts & Acce,,Strength,,,,,,,,,,,,,,,,,,,,STRENGTH:Monitor_Parts_&_Acce,,
DkHt452,entities/DkHt452,ProductGroup,Kogenate FS 2000 I.U,,Strength,,,,,,,,,,,,,,,,,,,,STRENGTH:Kogenate_FS_2000_I.U,,
DkHt8LI,entities/DkHt8LI,ProductGroup,Solaris Injectors Ot,,Strength,,,,,,,,,,,,,,,,,,,,STRENGTH:Solaris_Injectors_Ot,,
DkHtCbY,entities/DkHtCbY,ProductGroup,UV 300 B 10x50ml,,Strength,,,,,,,,,,,,,,,,,,,,STRENGTH:UV_300_B_10x50ml,,
DkHtL84,entities/DkHtL84,ProductGroup,"Control Tabl 2,5 Mg",,Strength,,,,,,,,,,,,,,,,,,,,"STRENGTH:Control_Tabl_2,5_Mg",,
z7xuNeH,entities/z7xuNeH,ProductGroup,Solaris Accessories,,Strength,,,,,,,,,,,,,,,,,,,,STRENGTH:Solaris_Accessories,,
g1PzqMk,entities/g1PzqMk,ProductGroup,UV 300 V >10x20ml,,Strength,,,,,,,,,,,,,,,,,,,,STRENGTH:UV_300_V_>10x20ml,,
lNKU6P8,entities/lNKU6P8,ProductGroup,RAD Other,,Strength,,,,,,,,,,,,,,,,,,,,STRENGTH:RAD_Other,,
oZ9kgEV,entities/oZ9kgEV,ProductGroup,EssureÂ Ius,,Strength,,,,,,,,,,,,,,,,,,,,STRENGTH:EssureÂ Ius,,
160U3mBt,entities/160U3mBt,ProductGroup,JIVIÂ 250 I.U.,,Strength,,,,,,,,,,,,,,,,,,,160U3mBt,STRENGTH:JIVIÂ 250_I.U.,,
10k5YxI,entities/10k5YxI,ProductGroup,Kogenate Bio other,,Strength,,,,,,,,,,,,,,,,,,,10k5YxI,STRENGTH:Kogenate_Bio_other,,
02lvRlV,entities/02lvRlV,ProductGroup,MRXperion Disposable,,Strength,,,,,,,,,,,,,,,,,,,02lvRlV,STRENGTH:MRXperion_Disposable,,
03GNfZe,entities/03GNfZe,ProductGroup,GV 1.0 vial 10x7.5ml,,Strength,,,,,,,,,,,,,,,,,,,03GNfZe,STRENGTH:GV_1.0_vial_10x7.5ml,,
04MNA1v,entities/04MNA1v,ProductGroup,GV 1.0 pfsp 5x10ml,,Strength,,,,,,,,,,,,,,,,,,,04MNA1v,STRENGTH:GV_1.0_pfsp_5x10ml,,
05WQn3C,entities/05WQn3C,ProductGroup,GV 1.0 pfsp 5x7.5ml,,Strength,,,,,,,,,,,,,,,,,,,05WQn3C,STRENGTH:GV_1.0_pfsp_5x7.5ml,,
03FNwPD,entities/03FNwPD,ProductGroup,GV 1.0 pfsp 5x15ml,,Strength,,,,,,,,,,,,,,,,,,,03FNwPD,STRENGTH:GV_1.0_pfsp_5x15ml,,
02XGcwf,entities/02XGcwf,ProductGroup,PV 0.25 pfsp 1x10ml,,Strength,,,,,,,,,,,,,,,,,,,02XGcwf,STRENGTH:PV_0.25_pfsp_1x10ml,,
0AaTk8C,entities/0AaTk8C,ProductGroup,Eylea Vial 8Mg,,Strength,,,,,,,,,,,,,,,,,,,0AaTk8C,STRENGTH:Eylea_Vial_8Mg,,
09FJLaY,entities/09FJLaY,ProductGroup,Eylea Solution 2MG,,Strength,,,,,,,,,,,,,,,,,,,09FJLaY,STRENGTH:Eylea_Solution_2MG,,
16tsK8AO,entities/16tsK8AO,ProductGroup,Eylea Solution 8MG,,Strength,,,,,,,,,,,,,,,,,,,,STRENGTH:Eylea_Solution_8MG,,
T6I7Vgt,entities/T6I7Vgt,ProductGroup,PV 0.25 pfsp 5x10ml,,Strength,,,,,,,,,,,,,,,,,,,,STRENGTH:PV_0.25_pfsp_5x10ml,,
0gLVp2k,entities/0gLVp2k,ProductGroup,"Eylea Devices (PP,PE",,Strength,,,,,,,,,,,,,,,,,,,,"STRENGTH:Eylea_Devices_(PP,PE",,
0OyQ9bE,entities/0OyQ9bE,ProductGroup,Centargo,,Strength,,,,,,,,,,,,,,,,,,,0OyQ9bE,STRENGTH:Centargo,,
0LPeU69,entities/0LPeU69,ProductGroup,Elinzanetant,,Strength,,,,,,,,,,,,,,,,,,,0LPeU69,STRENGTH:Elinzanetant,,
0M3Ca1Z,entities/0M3Ca1Z,ProductGroup,Aspisol/Aspirin Pi,,Strength,,,,,,,,,,,,,,,,,,,,STRENGTH:Aspisol/Aspirin_Pi,,
0VkzQVj,entities/0VkzQVj,ProductGroup,Glucobay,,Strength,,,,,,,,,,,,,,,,,,,,STRENGTH:Glucobay,,
0Tpr2kd,entities/0Tpr2kd,ProductGroup,zz_invalid Salient D,,Strength,,,,,,,,,,,,,,,,,,,,STRENGTH:zz_invalid_Salient_D,,
0XWVDnK,entities/0XWVDnK,ProductGroup,Centargo SDPS,,Strength,,,,,,,,,,,,,,,,,,,,STRENGTH:Centargo_SDPS,,
0IZEVR1,entities/0IZEVR1,ProductGroup,"Service - MR, Monito",,Strength,,,,,,,,,,,,,,,,,,,,"STRENGTH:Service_-_MR,_Monito",,
0IZF7nL,entities/0IZF7nL,ProductGroup,"Service - CT,Cardiov",,Strength,,,,,,,,,,,,,,,,,,,,"STRENGTH:Service_-_CT,Cardiov",,
0IZFbd9,entities/0IZFbd9,ProductGroup,"Service - Other,OCT",,Strength,,,,,,,,,,,,,,,,,,,,"STRENGTH:Service_-_Other,OCT",,
0Pi6XYH,entities/0Pi6XYH,ProductGroup,"Service - Other, R&I",,Strength,,,,,,,,,,,,,,,,,,,,"STRENGTH:Service_-_Other,_R&I",,
0S4IRPw,entities/0S4IRPw,ProductGroup,"Service - MR, Intego",,Strength,,,,,,,,,,,,,,,,,,,,"STRENGTH:Service_-_MR,_Intego",,
0S4IvFk,entities/0S4IvFk,ProductGroup,"Service - MR, Inject",,Strength,,,,,,,,,,,,,,,,,,,,"STRENGTH:Service_-_MR,_Inject",,
0a94Lvf,entities/0a94Lvf,ProductGroup,"Service - CT, Inject",,Strength,,,,,,,,,,,,,,,,,,,,"STRENGTH:Service_-_CT,_Inject",,
0WNT5zL,entities/0WNT5zL,ProductGroup,"Service - CT, Inform",,Strength,,,,,,,,,,,,,,,,,,,,"STRENGTH:Service_-_CT,_Inform",,
12JE1KW,entities/12JE1KW,ProductGroup,Service - Other; Vir,,Strength,,,,,,,,,,,,,,,,,,,,STRENGTH:Service_-_Other;_Vir,,
0XN2P3r,entities/0XN2P3r,ProductGroup,"Service - CT, Imaxeo",,Strength,,,,,,,,,,,,,,,,,,,,"STRENGTH:Service_-_CT,_Imaxeo",,
0nzZRhr,entities/0nzZRhr,ProductGroup,"Service - Other,Othe",,Strength,,,,,,,,,,,,,,,,,,,,"STRENGTH:Service_-_Other,Othe",,
0Vc7AtN,entities/0Vc7AtN,ProductGroup,"Service - Other, The",,Strength,,,,,,,,,,,,,,,,,,,,"STRENGTH:Service_-_Other,_The",,
0pLkHF5,entities/0pLkHF5,ProductGroup,Stellant Flex Dual H,,Strength,,,,,,,,,,,,,,,,,,,,STRENGTH:Stellant_Flex_Dual_H,,
0nywGrM,entities/0nywGrM,ProductGroup,Stellant Flex Dual S,,Strength,,,,,,,,,,,,,,,,,,,,STRENGTH:Stellant_Flex_Dual_S,,
0nywxTw,entities/0nywxTw,ProductGroup,Stellant Flex Single,,Strength,,,,,,,,,,,,,,,,,,,,STRENGTH:Stellant_Flex_Single,,
0UvuEvX,entities/0UvuEvX,ProductGroup,Glucose Monitor,,Strength,,,,,,,,,,,,,,,,,,,,STRENGTH:Glucose_Monitor,,
1TNVIQes,entities/1TNVIQes,ProductGroup,Stellant Flex Access,,Strength,,,,,,,,,,,,,,,,,,,,STRENGTH:Stellant_Flex_Access,,
0mGVvuV,entities/0mGVvuV,ProductGroup,GV 1.0 pfsp 5x5ml,,Strength,,,,,,,,,,,,,,,,,,,,STRENGTH:GV_1.0_pfsp_5x5ml,,
1SNailv,entities/1SNailv,ProductGroup,Eylea PFS 8Mg,,Strength,,,,,,,,,,,,,,,,,,,,STRENGTH:Eylea_PFS_8Mg,,
0XOWW8J,entities/0XOWW8J,ProductGroup,GV 1.0 pfsp 1x7.5ml,,Strength,,,,,,,,,,,,,,,,,,,,STRENGTH:GV_1.0_pfsp_1x7.5ml,,
0rxwEmd,entities/0rxwEmd,ProductGroup,Test1,,Brand,,,,,,,,,,,,,,,,,,,,China,CN,
0tzqZns,entities/0tzqZns,ProductGroup,Test2,,Brand,,,,,,,,,,,,,,,,,,,,12345,6789,
DkHtXuq,entities/DkHtXuq,ProductGroup,"Urografin 30 %, 500",,Strength,,,,,,,,,,,,,,,,,,,,"STRENGTH:Urografin_30_%,_500",,
DkHtoxs,entities/DkHtoxs,ProductGroup,Xarelto Tab15Mg+20Mg,,Strength,,,,,,,,,,,,,,,,,,,,STRENGTH:Xarelto_Tab15Mg+20Mg,,
DkHttE8,entities/DkHttE8,ProductGroup,GV 1.0 pfs 5x15ml,,Strength,,,,,,,,,,,,,,,,,,,,STRENGTH:GV_1.0_pfs_5x15ml,,
DkHu1ke,entities/DkHu1ke,ProductGroup,Molecular Imaging Di,,Strength,,,,,,,,,,,,,,,,,,,,STRENGTH:Molecular_Imaging_Di,,
DkHuAHA,entities/DkHuAHA,ProductGroup,"Noristerat, Solution",,Strength,,,,,,,,,,,,,,,,,,,,"STRENGTH:Noristerat,_Solution",,
DkHuEXQ,entities/DkHuEXQ,ProductGroup,Stellant Single Head,,Strength,,,,,,,,,,,,,,,,,,,,STRENGTH:Stellant_Single_Head,,
DkHuVaS,entities/DkHuVaS,ProductGroup,Zevalin K.I.T.,,Strength,,,,,,,,,,,,,,,,,,,,STRENGTH:Zevalin_K.I.T.,,
DkHuZqi,entities/DkHuZqi,ProductGroup,"Postinor, 0.75Mg Tab",,Strength,,,,,,,,,,,,,,,,,,,,"STRENGTH:Postinor,_0.75Mg_Tab",,
DkHue6y,entities/DkHue6y,ProductGroup,Nisoldipin Ta5Mg,,Strength,,,,,,,,,,,,,,,,,,,,STRENGTH:Nisoldipin_Ta5Mg,,
DkHumdU,entities/DkHumdU,ProductGroup,Salient Accessories,,Strength,,,,,,,,,,,,,,,,,,,,STRENGTH:Salient_Accessories,,
DkHuzQG,entities/DkHuzQG,ProductGroup,Spectris Syringes,,Strength,,,,,,,,,,,,,,,,,,,,STRENGTH:Spectris_Syringes,,
DkHvCD2,entities/DkHvCD2,ProductGroup,Glucobay Tab100Mg,,Strength,,,,,,,,,,,,,,,,,,,,STRENGTH:Glucobay_Tab100Mg,,
DkHvOzo,entities/DkHvOzo,ProductGroup,Salient Injectors Ot,,Strength,,,,,,,,,,,,,,,,,,,,STRENGTH:Salient_Injectors_Ot,,
DkHvbma,entities/DkHvbma,ProductGroup,"Miranova, 21 Ctb",,Strength,,,,,,,,,,,,,,,,,,,,"STRENGTH:Miranova,_21_Ctb",,
DkHvoZM,entities/DkHvoZM,ProductGroup,UV 300 V 1x20ml,,Strength,,,,,,,,,,,,,,,,,,,,STRENGTH:UV_300_V_1x20ml,,
DkHvx5s,entities/DkHvx5s,ProductGroup,Nifedipi Oros Ta30Mg,,Strength,,,,,,,,,,,,,,,,,,,,STRENGTH:Nifedipi_Oros_Ta30Mg,,
DkHw1M8,entities/DkHw1M8,ProductGroup,Kogenate FS 3000 Iu,,Strength,,,,,,,,,,,,,,,,,,,,STRENGTH:Kogenate_FS_3000_Iu,,
DkHwE8u,entities/DkHwE8u,ProductGroup,Vitrakvi 25 mg CAPS,,Strength,,,,,,,,,,,,,,,,,,,,STRENGTH:Vitrakvi_25_mg_CAPS,,
DkHwIPA,entities/DkHwIPA,ProductGroup,Nitrendipin Ta20Mg,,Strength,,,,,,,,,,,,,,,,,,,,STRENGTH:Nitrendipin_Ta20Mg,,
DkHwMfQ,entities/DkHwMfQ,ProductGroup,"Ilomedin 20, Solutio",,Strength,,,,,,,,,,,,,,,,,,,,"STRENGTH:Ilomedin_20,_Solutio",,
DkHwVBw,entities/DkHwVBw,ProductGroup,Pulsar Injector,,Strength,,,,,,,,,,,,,,,,,,,,STRENGTH:Pulsar_Injector,,
DkHwmEy,entities/DkHwmEy,ProductGroup,UV 370 B 8x500ml,,Strength,,,,,,,,,,,,,,,,,,,,STRENGTH:UV_370_B_8x500ml,,
DkHwqVE,entities/DkHwqVE,ProductGroup,"Base Service,CT Inje",,Strength,,,,,,,,,,,,,,,,,,,,"STRENGTH:Base_Service,CT_Inje",,
DkHwulU,entities/DkHwulU,ProductGroup,Nifedipi Oros Ta60Mg,,Strength,,,,,,,,,,,,,,,,,,,,STRENGTH:Nifedipi_Oros_Ta60Mg,,
DkHx7YG,entities/DkHx7YG,ProductGroup,Fluanxol Drag 5 Mg,,Strength,,,,,,,,,,,,,,,,,,,,STRENGTH:Fluanxol_Drag_5_Mg,,
DkHxBoW,entities/DkHxBoW,ProductGroup,Infusion Parts & Acc,,Strength,,,,,,,,,,,,,,,,,,,,STRENGTH:Infusion_Parts_&_Acc,,
DkHxG4m,entities/DkHxG4m,ProductGroup,Yaz Flex 30 Ftb,,Strength,,,,,,,,,,,,,,,,,,,,STRENGTH:Yaz_Flex_30_Ftb,,
DkHxObI,entities/DkHxObI,ProductGroup,Atosil Drop,,Strength,,,,,,,,,,,,,,,,,,,,STRENGTH:Atosil_Drop,,
DkHxSrY,entities/DkHxSrY,ProductGroup,"Neogynon, 21 Ctb",,Strength,,,,,,,,,,,,,,,,,,,,"STRENGTH:Neogynon,_21_Ctb",,
DkHxX7o,entities/DkHxX7o,ProductGroup,Nifedipin Sol.50Ml,,Strength,,,,,,,,,,,,,,,,,,,,STRENGTH:Nifedipin_Sol.50Ml,,
DkHxfeK,entities/DkHxfeK,ProductGroup,Levofolene I.V 100Mg,,Strength,,,,,,,,,,,,,,,,,,,,STRENGTH:Levofolene_I.V_100Mg,,
DkHxoAq,entities/DkHxoAq,ProductGroup,MV vial 10x5ml,,Strength,,,,,,,,,,,,,,,,,,,,STRENGTH:MV_vial_10x5ml,,
DkHxwhM,entities/DkHxwhM,ProductGroup,ProVis Injectors Oth,,Strength,,,,,,,,,,,,,,,,,,,,STRENGTH:ProVis_Injectors_Oth,,
DkHy5Ds,entities/DkHy5Ds,ProductGroup,"Kyleena Ius,19,5 Mg",,Strength,,,,,,,,,,,,,,,,,,,,"STRENGTH:Kyleena_Ius,19,5_Mg",,
DkHyQXA,entities/DkHyQXA,ProductGroup,GV 1.0 vial 3x2ml,,Strength,,,,,,,,,,,,,,,,,,,,STRENGTH:GV_1.0_vial_3x2ml,,
DkHyZ3g,entities/DkHyZ3g,ProductGroup,"Ilomedin 100, Soluti",,Strength,,,,,,,,,,,,,,,,,,,,"STRENGTH:Ilomedin_100,_Soluti",,
DkHyq6i,entities/DkHyq6i,ProductGroup,"S.R. Diagn. Oth,S.R.",,Strength,,,,,,,,,,,,,,,,,,,,"STRENGTH:S.R._Diagn._Oth,S.R.",,
DkHzBQ0,entities/DkHzBQ0,ProductGroup,Patient Line,,Strength,,,,,,,,,,,,,,,,,,,,STRENGTH:Patient_Line,,
DkHzJwW,entities/DkHzJwW,ProductGroup,Avidia Injectors Oth,,Strength,,,,,,,,,,,,,,,,,,,,STRENGTH:Avidia_Injectors_Oth,,
DkHzOCm,entities/DkHzOCm,ProductGroup,Ciatyl-Z Tab10Mg,,Strength,,,,,,,,,,,,,,,,,,,,STRENGTH:Ciatyl-Z_Tab10Mg,,
DkHzST2,entities/DkHzST2,ProductGroup,Transfers Sets,,Strength,,,,,,,,,,,,,,,,,,,,STRENGTH:Transfers_Sets,,
DkHzfFo,entities/DkHzfFo,ProductGroup,Cyclo-Oestrog 21 Ctb,,Strength,,,,,,,,,,,,,,,,,,,,STRENGTH:Cyclo-Oestrog_21_Ctb,,
DkHzjW4,entities/DkHzjW4,ProductGroup,"Progynova 2 Mg, 21 C",,Strength,,,,,,,,,,,,,,,,,,,,"STRENGTH:Progynova_2_Mg,_21_C",,
DkI095c,entities/DkI095c,ProductGroup,MV 0.5 pfs 5x10ml,,Strength,,,,,,,,,,,,,,,,,,,,STRENGTH:MV_0.5_pfs_5x10ml,,
DkI0Hc8,entities/DkI0Hc8,ProductGroup,"Coffret GV PFS 7,5ml",,Strength,,,,,,,,,,,,,,,,,,,,"STRENGTH:Coffret_GV_PFS_7,5ml",,
DkI0LsO,entities/DkI0LsO,ProductGroup,"Qlaira, 26+2 Ftb",,Strength,,,,,,,,,,,,,,,,,,,,"STRENGTH:Qlaira,_26+2_Ftb",,
DkI0UOu,entities/DkI0UOu,ProductGroup,PV .025 pfs 5x10ml,,Strength,,,,,,,,,,,,,,,,,,,,STRENGTH:PV_.025_pfs_5x10ml,,
DkI0cvQ,entities/DkI0cvQ,ProductGroup,"Pasaden 0.05%, Drops",,Strength,,,,,,,,,,,,,,,,,,,,"STRENGTH:Pasaden_0.05%,_Drops",,
DkI0hBg,entities/DkI0hBg,ProductGroup,Veris Monitor System,,Strength,,,,,,,,,,,,,,,,,,,,STRENGTH:Veris_Monitor_System,,
DkI0lRw,entities/DkI0lRw,ProductGroup,"Microgynon 30, 21+7",,Strength,,,,,,,,,,,,,,,,,,,,"STRENGTH:Microgynon_30,_21+7",,
DkI12Uy,entities/DkI12Uy,ProductGroup,Xarelto Tab 10Mg,,Strength,,,,,,,,,,,,,,,,,,,,STRENGTH:Xarelto_Tab_10Mg,,
DkI1B1U,entities/DkI1B1U,ProductGroup,Cipro Od Ta 500 Mg,,Strength,,,,,,,,,,,,,,,,,,,,STRENGTH:Cipro_Od_Ta_500_Mg,,
DkI1S4W,entities/DkI1S4W,ProductGroup,GV 1.0 pfc 1x30ml,,Strength,,,,,,,,,,,,,,,,,,,,STRENGTH:GV_1.0_pfc_1x30ml,,
DkI1ab2,entities/DkI1ab2,ProductGroup,"Postinor, 1.5Mg Tab",,Strength,,,,,,,,,,,,,,,,,,,,"STRENGTH:Postinor,_1.5Mg_Tab",,
DkI1erI,entities/DkI1erI,ProductGroup,"Microlut, 35 Ctb",,Strength,,,,,,,,,,,,,,,,,,,,"STRENGTH:Microlut,_35_Ctb",,
DkI1re4,entities/DkI1re4,ProductGroup,UV 240 B 1x50ml,,Strength,,,,,,,,,,,,,,,,,,,,STRENGTH:UV_240_B_1x50ml,,
DkI28h6,entities/DkI28h6,ProductGroup,UV 300 B 1x200ml,,Strength,,,,,,,,,,,,,,,,,,,,STRENGTH:UV_300_B_1x200ml,,
DkI2HDc,entities/DkI2HDc,ProductGroup,UV 370 B 10x200ml,,Strength,,,,,,,,,,,,,,,,,,,,STRENGTH:UV_370_B_10x200ml,,
DkI2LTs,entities/DkI2LTs,ProductGroup,"Nimotop Injsol.0,02%",,Strength,,,,,,,,,,,,,,,,,,,,"STRENGTH:Nimotop_Injsol.0,02%",,
DkI2U0O,entities/DkI2U0O,ProductGroup,UV 370 PFC 10x150ml,,Strength,,,,,,,,,,,,,,,,,,,,STRENGTH:UV_370_PFC_10x150ml,,
DkI2cWu,entities/DkI2cWu,ProductGroup,Androcur Thera Depot,,Strength,,,,,,,,,,,,,,,,,,,,STRENGTH:Androcur_Thera_Depot,,
DkI2xqC,entities/DkI2xqC,ProductGroup,UV 370 PFC 10x100ml,,Strength,,,,,,,,,,,,,,,,,,,,STRENGTH:UV_370_PFC_10x100ml,,
DkI326S,entities/DkI326S,ProductGroup,MV vial 10x20ml,,Strength,,,,,,,,,,,,,,,,,,,,STRENGTH:MV_vial_10x20ml,,
DkI3Acy,entities/DkI3Acy,ProductGroup,Comital Tab 50Mg,,Strength,,,,,,,,,,,,,,,,,,,,STRENGTH:Comital_Tab_50Mg,,
DkI3J9U,entities/DkI3J9U,ProductGroup,"Urografin 76 %, 50 m",,Strength,,,,,,,,,,,,,,,,,,,,"STRENGTH:Urografin_76_%,_50_m",,
DkI3NPk,entities/DkI3NPk,ProductGroup,"Services, Others",,Strength,,,,,,,,,,,,,,,,,,,,"STRENGTH:Services,_Others",,
DkI3Rg0,entities/DkI3Rg0,ProductGroup,Scanner Connectivity,,Strength,,,,,,,,,,,,,,,,,,,,STRENGTH:Scanner_Connectivity,,
DkI3aCW,entities/DkI3aCW,ProductGroup,UV 300 B 10x150ml,,Strength,,,,,,,,,,,,,,,,,,,,STRENGTH:UV_300_B_10x150ml,,
DkI3eSm,entities/DkI3eSm,ProductGroup,"Urografin 30 %, 20 m",,Strength,,,,,,,,,,,,,,,,,,,,"STRENGTH:Urografin_30_%,_20_m",,
DkI3zm4,entities/DkI3zm4,ProductGroup,UV 300 V 10x20ml,,Strength,,,,,,,,,,,,,,,,,,,,STRENGTH:UV_300_V_10x20ml,,
DkI442K,entities/DkI442K,ProductGroup,Non-Core Business an,,Strength,,,,,,,,,,,,,,,,,,,,STRENGTH:Non-Core_Business_an,,
DkI4Gp6,entities/DkI4Gp6,ProductGroup,"Yomesan Ta0,5Gr",,Strength,,,,,,,,,,,,,,,,,,,,"STRENGTH:Yomesan_Ta0,5Gr",,
DkI4Xs8,entities/DkI4Xs8,ProductGroup,"Urografin 76 %, 100",,Strength,,,,,,,,,,,,,,,,,,,,"STRENGTH:Urografin_76_%,_100",,
DkI4c8O,entities/DkI4c8O,ProductGroup,Levofolene,,Strength,,,,,,,,,,,,,,,,,,,,STRENGTH:Levofolene,,
DkI51hw,entities/DkI51hw,ProductGroup,Ciatyl-Z Inj.Sol2Ml,,Strength,,,,,,,,,,,,,,,,,,,,STRENGTH:Ciatyl-Z_Inj.Sol2Ml,,
DkI5AES,entities/DkI5AES,ProductGroup,"Aspirin Tab 0,1 G",,Strength,,,,,,,,,,,,,,,,,,,,"STRENGTH:Aspirin_Tab_0,1_G",,
DkI5EUi,entities/DkI5EUi,ProductGroup,Aspisol/Aspirin Iv1G,,Strength,,,,,,,,,,,,,,,,,,,,STRENGTH:Aspisol/Aspirin_Iv1G,,
DkI5N1E,entities/DkI5N1E,ProductGroup,GV 1.0 vial 1x30ml,,Strength,,,,,,,,,,,,,,,,,,,,STRENGTH:GV_1.0_vial_1x30ml,,
DkI5Zo0,entities/DkI5Zo0,ProductGroup,UV 370 PFC 1x150ml,,Strength,,,,,,,,,,,,,,,,,,,,STRENGTH:UV_370_PFC_1x150ml,,
DkI5e4G,entities/DkI5e4G,ProductGroup,Resochin Sol 50Mg,,Strength,,,,,,,,,,,,,,,,,,,,STRENGTH:Resochin_Sol_50Mg,,
DkI5mam,entities/DkI5mam,ProductGroup,"Progynova 1 Mg, 28 C",,Strength,,,,,,,,,,,,,,,,,,,,"STRENGTH:Progynova_1_Mg,_28_C",,
DkI5zNY,entities/DkI5zNY,ProductGroup,Fluanxol Tab 5 mg,,Strength,,,,,,,,,,,,,,,,,,,,STRENGTH:Fluanxol_Tab_5_mg,,
DkI63do,entities/DkI63do,ProductGroup,Stellant Dual Head I,,Strength,,,,,,,,,,,,,,,,,,,,STRENGTH:Stellant_Dual_Head_I,,
DkI6CAK,entities/DkI6CAK,ProductGroup,Noctamid Drops,,Strength,,,,,,,,,,,,,,,,,,,,STRENGTH:Noctamid_Drops,,
DkI6XTc,entities/DkI6XTc,ProductGroup,Primolut Nor 10Mg,,Strength,,,,,,,,,,,,,,,,,,,,STRENGTH:Primolut_Nor_10Mg,,
DkI6g08,entities/DkI6g08,ProductGroup,MV 0.5 pfs 5x20ml,,Strength,,,,,,,,,,,,,,,,,,,,STRENGTH:MV_0.5_pfs_5x20ml,,
DkI71JQ,entities/DkI71JQ,ProductGroup,Atosil Tab 25 Mg,,Strength,,,,,,,,,,,,,,,,,,,,STRENGTH:Atosil_Tab_25_Mg,,
DkI79pw,entities/DkI79pw,ProductGroup,Glianimon Tabl 5 Mg,,Strength,,,,,,,,,,,,,,,,,,,,STRENGTH:Glianimon_Tabl_5_Mg,,
DkI7E6C,entities/DkI7E6C,ProductGroup,UV 370 B 1x50ml,,Strength,,,,,,,,,,,,,,,,,,,,STRENGTH:UV_370_B_1x50ml,,
DkI7Qsy,entities/DkI7Qsy,ProductGroup,Nisoldipin Ccta20Mg,,Strength,,,,,,,,,,,,,,,,,,,,STRENGTH:Nisoldipin_Ccta20Mg,,
DkI7V9E,entities/DkI7V9E,ProductGroup,Emballagen Fluessig,,Strength,,,,,,,,,,,,,,,,,,,,STRENGTH:Emballagen_Fluessig,,
DkI7yz2,entities/DkI7yz2,ProductGroup,"Proviron, 25Mg Tab",,Strength,,,,,,,,,,,,,,,,,,,,"STRENGTH:Proviron,_25Mg_Tab",,
DkI8sOO,entities/DkI8sOO,ProductGroup,Philips Master,,Strength,,,,,,,,,,,,,,,,,,,,STRENGTH:Philips_Master,,
DkI90uu,entities/DkI90uu,ProductGroup,UV 150 B 10x50ml,,Strength,,,,,,,,,,,,,,,,,,,,STRENGTH:UV_150_B_10x50ml,,
DkI9MEC,entities/DkI9MEC,ProductGroup,"Base Service,Informa",,Strength,,,,,,,,,,,,,,,,,,,,"STRENGTH:Base_Service,Informa",,
DkI9hXU,entities/DkI9hXU,ProductGroup,Saroten Tabs 50Mg,,Strength,,,,,,,,,,,,,,,,,,,,STRENGTH:Saroten_Tabs_50Mg,,
DkI9q40,entities/DkI9q40,ProductGroup,UV 300 PFC 10x150ml,,Strength,,,,,,,,,,,,,,,,,,,,STRENGTH:UV_300_PFC_10x150ml,,
DkIAWga,entities/DkIAWga,ProductGroup,UV 370 B 1x200ml,,Strength,,,,,,,,,,,,,,,,,,,,STRENGTH:UV_370_B_1x200ml,,
DkIAfD6,entities/DkIAfD6,ProductGroup,"Base Service,Imaxeon",,Strength,,,,,,,,,,,,,,,,,,,,"STRENGTH:Base_Service,Imaxeon",,
DkIAnjc,entities/DkIAnjc,ProductGroup,Neurocil Drop,,Strength,,,,,,,,,,,,,,,,,,,,STRENGTH:Neurocil_Drop,,
DkIArzs,entities/DkIArzs,ProductGroup,Certo Systems,,Strength,,,,,,,,,,,,,,,,,,,,STRENGTH:Certo_Systems,,
DkIAwG8,entities/DkIAwG8,ProductGroup,Hitachi Master,,Strength,,,,,,,,,,,,,,,,,,,,STRENGTH:Hitachi_Master,,
DkIBUMC,entities/DkIBUMC,ProductGroup,"Leganto, 4 Mg Patch",,Strength,,,,,,,,,,,,,,,,,,,,"STRENGTH:Leganto,_4_Mg_Patch",,
DkIByC0,entities/DkIByC0,ProductGroup,"Hitachi, Toshiba",,Strength,,,,,,,,,,,,,,,,,,,,"STRENGTH:Hitachi,_Toshiba",,
DkIDCue,entities/DkIDCue,ProductGroup,MV 0.5 pfs 5x15ml,,Strength,,,,,,,,,,,,,,,,,,,,STRENGTH:MV_0.5_pfs_5x15ml,,
DkIDLRA,entities/DkIDLRA,ProductGroup,Centargo Injectors O,,Strength,,,,,,,,,,,,,,,,,,,,STRENGTH:Centargo_Injectors_O,,
DkIDYDw,entities/DkIDYDw,ProductGroup,"Progynova 1 Mg, 21 C",,Strength,,,,,,,,,,,,,,,,,,,,"STRENGTH:Progynova_1_Mg,_21_C",,
DkIDl0i,entities/DkIDl0i,ProductGroup,MV 0.5 pfs 1x10ml,,Strength,,,,,,,,,,,,,,,,,,,,STRENGTH:MV_0.5_pfs_1x10ml,,
DkIE6K0,entities/DkIE6K0,ProductGroup,"Cliane, 28 Ftb",,Strength,,,,,,,,,,,,,,,,,,,,"STRENGTH:Cliane,_28_Ftb",,
DkIEEqW,entities/DkIEEqW,ProductGroup,Extravasation Detect,,Strength,,,,,,,,,,,,,,,,,,,,STRENGTH:Extravasation_Detect,,
DkIEJ6m,entities/DkIEJ6m,ProductGroup,Glianimon Tabl 2 Mg,,Strength,,,,,,,,,,,,,,,,,,,,STRENGTH:Glianimon_Tabl_2_Mg,,
DkIEeQ4,entities/DkIEeQ4,ProductGroup,"AT 10 Sol 0,1%",,Strength,,,,,,,,,,,,,,,,,,,,"STRENGTH:AT_10_Sol_0,1%",,
DkIEmwa,entities/DkIEmwa,ProductGroup,Emselex Ta 15 Mg,,Strength,,,,,,,,,,,,,,,,,,,,STRENGTH:Emselex_Ta_15_Mg,,
DkIErCq,entities/DkIErCq,ProductGroup,Fluanxol Tab 1 mg,,Strength,,,,,,,,,,,,,,,,,,,,STRENGTH:Fluanxol_Tab_1_mg,,
DkIF3zc,entities/DkIF3zc,ProductGroup,Kogenate FS 1000I.U.,,Strength,,,,,,,,,,,,,,,,,,,,STRENGTH:Kogenate_FS_1000I.U.,,
DkIFPIu,entities/DkIFPIu,ProductGroup,GV 1.0 vial 10x30ml,,Strength,,,,,,,,,,,,,,,,,,,,STRENGTH:GV_1.0_vial_10x30ml,,
DkIFTZA,entities/DkIFTZA,ProductGroup,Bonefos 400Mg Caps,,Strength,,,,,,,,,,,,,,,,,,,,STRENGTH:Bonefos_400Mg_Caps,,
DkIFgLw,entities/DkIFgLw,ProductGroup,Cipro Od Ta 1000 Mg,,Strength,,,,,,,,,,,,,,,,,,,,STRENGTH:Cipro_Od_Ta_1000_Mg,,
DkIFkcC,entities/DkIFkcC,ProductGroup,"Essure, Others",,Strength,,,,,,,,,,,,,,,,,,,,"STRENGTH:Essure,_Others",,
DkIFt8i,entities/DkIFt8i,ProductGroup,Nimotop S Tab 30 Mg,,Strength,,,,,,,,,,,,,,,,,,,,STRENGTH:Nimotop_S_Tab_30_Mg,,
DkIGMyW,entities/DkIGMyW,ProductGroup,Ciatyl-Z Tab25Mg,,Strength,,,,,,,,,,,,,,,,,,,,STRENGTH:Ciatyl-Z_Tab25Mg,,
DkIGZlI,entities/DkIGZlI,ProductGroup,Ciatyl-Z Inj.Sol20%,,Strength,,,,,,,,,,,,,,,,,,,,STRENGTH:Ciatyl-Z_Inj.Sol20%,,
DkIGiHo,entities/DkIGiHo,ProductGroup,UV 300 B 10x75ml,,Strength,,,,,,,,,,,,,,,,,,,,STRENGTH:UV_300_B_10x75ml,,
DkIH7rM,entities/DkIH7rM,ProductGroup,Nifedipin Ta 15+5Mg,,Strength,,,,,,,,,,,,,,,,,,,,STRENGTH:Nifedipin_Ta_15+5Mg,,
DkIHKe8,entities/DkIHKe8,ProductGroup,Ultravist Other,,Strength,,,,,,,,,,,,,,,,,,,,STRENGTH:Ultravist_Other,,
DkIHOuO,entities/DkIHOuO,ProductGroup,"Kinzal/Pritor 80/12,",,Strength,,,,,,,,,,,,,,,,,,,,"STRENGTH:Kinzal/Pritor_80/12,",,
DkIHfxQ,entities/DkIHfxQ,ProductGroup,Neurocil Tab 25 Mg,,Strength,,,,,,,,,,,,,,,,,,,,STRENGTH:Neurocil_Tab_25_Mg,,
DkIHskC,entities/DkIHskC,ProductGroup,"Femovan, 21+7Ctb",,Strength,,,,,,,,,,,,,,,,,,,,"STRENGTH:Femovan,_21+7Ctb",,
