[
   {
      "uri":"entities/uri_1",
      "type":"configuration/entityTypes/MedicinalProduct",
      "createdBy":"bay_cph_cdp_reltio_technical_user_nprod",
      "createdTime":1710164387913,
      "updatedBy":"bay_cph_cdp_reltio_technical_user_nprod",
      "updatedTime":1710164387913,
      "attributes":{
         "Name":[
            {
               "type":"configuration/entityTypes/MedicinalProduct/attributes/Name",
               "ov":true,
               "value":"name_1 5MG TBL FLM 14 I",
               "uri":"entities/uri_1/attributes/Name/9RpA36Dd"
            }
         ],
         "Country":[
            {
               "type":"configuration/entityTypes/MedicinalProduct/attributes/Country",
               "ov":true,
               "value":"Czech Republic",
               "lookupCode":"CZ",
               "lookupValue":"Czech Republic",
               "uri":"entities/uri_1/attributes/Country/9RpA31xN"
            }
         ],
         "Type":[
            {
               "type":"configuration/entityTypes/MedicinalProduct/attributes/Type",
               "ov":true,
               "value":"Sample",
               "lookupCode":"Sample",
               "lookupValue":"Sample",
               "uri":"entities/uri_1/attributes/Type/9RpA3ATt"
            }
         ],
         "IsInternalProduct":[
            {
               "type":"configuration/entityTypes/MedicinalProduct/attributes/IsInternalProduct",
               "ov":true,
               "value":"true",
               "uri":"entities/uri_1/attributes/IsInternalProduct/9RpA3Ek9"
            }
         ],
         "Identifiers":[
            {
               "label":"Source_name ID 88255682",
               "value":{
                  "Type":[
                     {
                        "type":"configuration/entityTypes/MedicinalProduct/attributes/Identifiers/attributes/Type",
                        "ov":true,
                        "value":"Source_name ID",
                        "lookupCode":"Source_name ID",
                        "lookupValue":"Source_name ID",
                        "uri":"entities/uri_1/attributes/Identifiers/9RpA3J0P/Type/9RpA3RWv"
                     }
                  ],
                  "CountryCode":[
                     {
                        "type":"configuration/entityTypes/MedicinalProduct/attributes/Identifiers/attributes/CountryCode",
                        "ov":true,
                        "value":"Czech Republic",
                        "lookupCode":"CZ",
                        "lookupValue":"Czech Republic",
                        "uri":"entities/uri_1/attributes/Identifiers/9RpA3J0P/CountryCode/9RpA3NGf"
                     }
                  ],
                  "ID":[
                     {
                        "type":"configuration/entityTypes/MedicinalProduct/attributes/Identifiers/attributes/ID",
                        "ov":true,
                        "value":"88255682",
                        "uri":"entities/uri_1/attributes/Identifiers/9RpA3J0P/ID/9RpA3VnB"
                     }
                  ]
               },
               "ov":true,
               "uri":"entities/uri_1/attributes/Identifiers/9RpA3J0P"
            },
            {
               "label":"Source_name_1 ID a006900001k2CWFAA2",
               "value":{
                  "Type":[
                     {
                        "type":"configuration/entityTypes/MedicinalProduct/attributes/Identifiers/attributes/Type",
                        "ov":true,
                        "value":"Source_name_1 ID",
                        "lookupCode":"Source_name_1 ID",
                        "lookupValue":"Source_name_1 ID",
                        "uri":"entities/uri_1/attributes/Identifiers/9RpA3a3R/Type/9RpA3iZx"
                     }
                  ],
                  "CountryCode":[
                     {
                        "type":"configuration/entityTypes/MedicinalProduct/attributes/Identifiers/attributes/CountryCode",
                        "ov":true,
                        "value":"Czech Republic",
                        "lookupCode":"CZ",
                        "lookupValue":"Czech Republic",
                        "uri":"entities/uri_1/attributes/Identifiers/9RpA3a3R/CountryCode/9RpA3eJh"
                     }
                  ],
                  "ID":[
                     {
                        "type":"configuration/entityTypes/MedicinalProduct/attributes/Identifiers/attributes/ID",
                        "ov":true,
                        "value":"a006900001k2CWFAA2",
                        "uri":"entities/uri_1/attributes/Identifiers/9RpA3a3R/ID/9RpA3mqD"
                     }
                  ]
               },
               "ov":true,
               "uri":"entities/uri_1/attributes/Identifiers/9RpA3a3R"
            }
         ]
      },
      "crosswalks":[
         {
            "uri":"entities/uri_1/crosswalks/9RpA3r6T",
            "type":"configuration/sources/Source_name_1",
            "value":"a006900001k2CWFAA2:CZ",
            "reltioLoadDate":"2024-03-11T13:39:47.913Z",
            "createDate":"2024-03-11T13:39:47.913Z",
            "updateDate":"2024-03-11T13:39:47.913Z",
            "attributes":[
               "entities/uri_1/attributes/Name/9RpA36Dd",
               "entities/uri_1/attributes/Country/9RpA31xN",
               "entities/uri_1/attributes/Identifiers/9RpA3a3R/Type/9RpA3iZx",
               "entities/uri_1/attributes/Type/9RpA3ATt",
               "entities/uri_1/attributes/Identifiers/9RpA3J0P/Type/9RpA3RWv",
               "entities/uri_1/attributes/IsInternalProduct/9RpA3Ek9",
               "entities/uri_1/attributes/Identifiers/9RpA3a3R/CountryCode/9RpA3eJh",
               "entities/uri_1/attributes/Identifiers/9RpA3J0P/CountryCode/9RpA3NGf",
               "entities/uri_1/attributes/Identifiers/9RpA3a3R",
               "entities/uri_1/attributes/Identifiers/9RpA3a3R/ID/9RpA3mqD",
               "entities/uri_1/attributes/Identifiers/9RpA3J0P",
               "entities/uri_1/attributes/Identifiers/9RpA3J0P/ID/9RpA3VnB"
            ],
            "singleAttributeUpdateDates":{
               
            }
         }
      ],
      "analyticsAttributes":{
         
      },
      "label":"(Czech Republic) - name_1 5MG TBL FLM 14 I",
      "secondaryLabel":""
   },
   {
      "uri":"entities/uri_2",
      "type":"configuration/entityTypes/MedicinalProduct",
      "createdBy":"bay_cph_cdp_reltio_technical_user_nprod",
      "createdTime":1710164387913,
      "updatedBy":"bay_cph_cdp_reltio_technical_user_nprod",
      "updatedTime":1710164387913,
      "attributes":{
         "Name":[
            {
               "type":"configuration/entityTypes/MedicinalProduct/attributes/Name",
               "ov":true,
               "value":"name_1 2,5MG TBL FLM 14 I",
               "uri":"entities/uri_2/attributes/Name/9RpA67kz"
            }
         ],
         "Country":[
            {
               "type":"configuration/entityTypes/MedicinalProduct/attributes/Country",
               "ov":true,
               "value":"Czech Republic",
               "lookupCode":"CZ",
               "lookupValue":"Czech Republic",
               "uri":"entities/uri_2/attributes/Country/9RpA63Uj"
            }
         ],
         "Type":[
            {
               "type":"configuration/entityTypes/MedicinalProduct/attributes/Type",
               "ov":true,
               "value":"Sample",
               "lookupCode":"Sample",
               "lookupValue":"Sample",
               "uri":"entities/uri_2/attributes/Type/9RpA6C1F"
            }
         ],
         "IsInternalProduct":[
            {
               "type":"configuration/entityTypes/MedicinalProduct/attributes/IsInternalProduct",
               "ov":true,
               "value":"true",
               "uri":"entities/uri_2/attributes/IsInternalProduct/9RpA6GHV"
            }
         ],
         "Identifiers":[
            {
               "label":"Source_name ID 88255690",
               "value":{
                  "Type":[
                     {
                        "type":"configuration/entityTypes/MedicinalProduct/attributes/Identifiers/attributes/Type",
                        "ov":true,
                        "value":"Source_name ID",
                        "lookupCode":"Source_name ID",
                        "lookupValue":"Source_name ID",
                        "uri":"entities/uri_2/attributes/Identifiers/9RpA6KXl/Type/9RpA6T4H"
                     }
                  ],
                  "CountryCode":[
                     {
                        "type":"configuration/entityTypes/MedicinalProduct/attributes/Identifiers/attributes/CountryCode",
                        "ov":true,
                        "value":"Czech Republic",
                        "lookupCode":"CZ",
                        "lookupValue":"Czech Republic",
                        "uri":"entities/uri_2/attributes/Identifiers/9RpA6KXl/CountryCode/9RpA6Oo1"
                     }
                  ],
                  "ID":[
                     {
                        "type":"configuration/entityTypes/MedicinalProduct/attributes/Identifiers/attributes/ID",
                        "ov":true,
                        "value":"88255690",
                        "uri":"entities/uri_2/attributes/Identifiers/9RpA6KXl/ID/9RpA6XKX"
                     }
                  ]
               },
               "ov":true,
               "uri":"entities/uri_2/attributes/Identifiers/9RpA6KXl"
            },
            {
               "label":"Source_name_1 ID a006900001k2CWAAA2",
               "value":{
                  "Type":[
                     {
                        "type":"configuration/entityTypes/MedicinalProduct/attributes/Identifiers/attributes/Type",
                        "ov":true,
                        "value":"Source_name_1 ID",
                        "lookupCode":"Source_name_1 ID",
                        "lookupValue":"Source_name_1 ID",
                        "uri":"entities/uri_2/attributes/Identifiers/9RpA6ban/Type/9RpA6k7J"
                     }
                  ],
                  "CountryCode":[
                     {
                        "type":"configuration/entityTypes/MedicinalProduct/attributes/Identifiers/attributes/CountryCode",
                        "ov":true,
                        "value":"Czech Republic",
                        "lookupCode":"CZ",
                        "lookupValue":"Czech Republic",
                        "uri":"entities/uri_2/attributes/Identifiers/9RpA6ban/CountryCode/9RpA6fr3"
                     }
                  ],
                  "ID":[
                     {
                        "type":"configuration/entityTypes/MedicinalProduct/attributes/Identifiers/attributes/ID",
                        "ov":true,
                        "value":"a006900001k2CWAAA2",
                        "uri":"entities/uri_2/attributes/Identifiers/9RpA6ban/ID/9RpA6oNZ"
                     }
                  ]
               },
               "ov":true,
               "uri":"entities/uri_2/attributes/Identifiers/9RpA6ban"
            }
         ]
      },
      "crosswalks":[
         {
            "uri":"entities/uri_2/crosswalks/9RpA6sdp",
            "type":"configuration/sources/Source_name_1",
            "value":"a006900001k2CWAAA2:CZ",
            "reltioLoadDate":"2024-03-11T13:39:47.913Z",
            "createDate":"2024-03-11T13:39:47.913Z",
            "updateDate":"2024-03-11T13:39:47.913Z",
            "attributes":[
               "entities/uri_2/attributes/Identifiers/9RpA6ban/ID/9RpA6oNZ",
               "entities/uri_2/attributes/Country/9RpA63Uj",
               "entities/uri_2/attributes/Type/9RpA6C1F",
               "entities/uri_2/attributes/Identifiers/9RpA6KXl/Type/9RpA6T4H",
               "entities/uri_2/attributes/Name/9RpA67kz",
               "entities/uri_2/attributes/Identifiers/9RpA6ban/CountryCode/9RpA6fr3",
               "entities/uri_2/attributes/IsInternalProduct/9RpA6GHV",
               "entities/uri_2/attributes/Identifiers/9RpA6KXl/ID/9RpA6XKX",
               "entities/uri_2/attributes/Identifiers/9RpA6KXl/CountryCode/9RpA6Oo1",
               "entities/uri_2/attributes/Identifiers/9RpA6ban/Type/9RpA6k7J",
               "entities/uri_2/attributes/Identifiers/9RpA6KXl",
               "entities/uri_2/attributes/Identifiers/9RpA6ban"
            ],
            "singleAttributeUpdateDates":{
               
            }
         }
      ],
      "analyticsAttributes":{
         
      },
      "label":"(Czech Republic) - name_1 2,5MG TBL FLM 14 I",
      "secondaryLabel":""
   },
   {
      "uri":"entities/uri_3",
      "type":"configuration/entityTypes/MedicinalProduct",
      "createdBy":"bay_cph_cdp_reltio_technical_user_nprod",
      "createdTime":1710164387913,
      "updatedBy":"bay_cph_cdp_reltio_technical_user_nprod",
      "updatedTime":1710164387913,
      "attributes":{
         "Name":[
            {
               "type":"configuration/entityTypes/MedicinalProduct/attributes/Name",
               "ov":true,
               "value":"Test_name_3 10MG TBL FLM 14",
               "uri":"entities/uri_3/attributes/Name/9RpA7uZh"
            }
         ],
         "Country":[
            {
               "type":"configuration/entityTypes/MedicinalProduct/attributes/Country",
               "ov":true,
               "value":"Czech Republic",
               "lookupCode":"CZ",
               "lookupValue":"Czech Republic",
               "uri":"entities/uri_3/attributes/Country/9RpA7qJR"
            }
         ],
         "Type":[
            {
               "type":"configuration/entityTypes/MedicinalProduct/attributes/Type",
               "ov":true,
               "value":"Sample",
               "lookupCode":"Sample",
               "lookupValue":"Sample",
               "uri":"entities/uri_3/attributes/Type/9RpA7ypx"
            }
         ],
         "IsInternalProduct":[
            {
               "type":"configuration/entityTypes/MedicinalProduct/attributes/IsInternalProduct",
               "ov":true,
               "value":"true",
               "uri":"entities/uri_3/attributes/IsInternalProduct/9RpA836D"
            }
         ],
         "Identifiers":[
            {
               "label":"Source_name ID 89229855",
               "value":{
                  "Type":[
                     {
                        "type":"configuration/entityTypes/MedicinalProduct/attributes/Identifiers/attributes/Type",
                        "ov":true,
                        "value":"Source_name ID",
                        "lookupCode":"Source_name ID",
                        "lookupValue":"Source_name ID",
                        "uri":"entities/uri_3/attributes/Identifiers/9RpA87MT/Type/9RpA8Fsz"
                     }
                  ],
                  "CountryCode":[
                     {
                        "type":"configuration/entityTypes/MedicinalProduct/attributes/Identifiers/attributes/CountryCode",
                        "ov":true,
                        "value":"Czech Republic",
                        "lookupCode":"CZ",
                        "lookupValue":"Czech Republic",
                        "uri":"entities/uri_3/attributes/Identifiers/9RpA87MT/CountryCode/9RpA8Bcj"
                     }
                  ],
                  "ID":[
                     {
                        "type":"configuration/entityTypes/MedicinalProduct/attributes/Identifiers/attributes/ID",
                        "ov":true,
                        "value":"89229855",
                        "uri":"entities/uri_3/attributes/Identifiers/9RpA87MT/ID/9RpA8K9F"
                     }
                  ]
               },
               "ov":true,
               "uri":"entities/uri_3/attributes/Identifiers/9RpA87MT"
            },
            {
               "label":"Source_name_1 ID a006900001jQuVUAA0",
               "value":{
                  "Type":[
                     {
                        "type":"configuration/entityTypes/MedicinalProduct/attributes/Identifiers/attributes/Type",
                        "ov":true,
                        "value":"Source_name_1 ID",
                        "lookupCode":"Source_name_1 ID",
                        "lookupValue":"Source_name_1 ID",
                        "uri":"entities/uri_3/attributes/Identifiers/9RpA8OPV/Type/9RpA8Ww1"
                     }
                  ],
                  "CountryCode":[
                     {
                        "type":"configuration/entityTypes/MedicinalProduct/attributes/Identifiers/attributes/CountryCode",
                        "ov":true,
                        "value":"Czech Republic",
                        "lookupCode":"CZ",
                        "lookupValue":"Czech Republic",
                        "uri":"entities/uri_3/attributes/Identifiers/9RpA8OPV/CountryCode/9RpA8Sfl"
                     }
                  ],
                  "ID":[
                     {
                        "type":"configuration/entityTypes/MedicinalProduct/attributes/Identifiers/attributes/ID",
                        "ov":true,
                        "value":"a006900001jQuVUAA0",
                        "uri":"entities/uri_3/attributes/Identifiers/9RpA8OPV/ID/9RpA8bCH"
                     }
                  ]
               },
               "ov":true,
               "uri":"entities/uri_3/attributes/Identifiers/9RpA8OPV"
            }
         ]
      },
      "crosswalks":[
         {
            "uri":"entities/uri_3/crosswalks/9RpA8fSX",
            "type":"configuration/sources/Source_name_1",
            "value":"a006900001jQuVUAA0:CZ",
            "reltioLoadDate":"2024-03-11T13:39:47.913Z",
            "createDate":"2024-03-11T13:39:47.913Z",
            "updateDate":"2024-03-11T13:39:47.913Z",
            "attributes":[
               "entities/uri_3/attributes/Identifiers/9RpA87MT/Type/9RpA8Fsz",
               "entities/uri_3/attributes/Country/9RpA7qJR",
               "entities/uri_3/attributes/Identifiers/9RpA87MT/CountryCode/9RpA8Bcj",
               "entities/uri_3/attributes/Identifiers/9RpA8OPV/CountryCode/9RpA8Sfl",
               "entities/uri_3/attributes/Identifiers/9RpA87MT/ID/9RpA8K9F",
               "entities/uri_3/attributes/Identifiers/9RpA8OPV/ID/9RpA8bCH",
               "entities/uri_3/attributes/Identifiers/9RpA8OPV",
               "entities/uri_3/attributes/Name/9RpA7uZh",
               "entities/uri_3/attributes/Type/9RpA7ypx",
               "entities/uri_3/attributes/Identifiers/9RpA8OPV/Type/9RpA8Ww1",
               "entities/uri_3/attributes/IsInternalProduct/9RpA836D",
               "entities/uri_3/attributes/Identifiers/9RpA87MT"
            ],
            "singleAttributeUpdateDates":{
               
            }
         }
      ],
      "analyticsAttributes":{
         
      },
      "label":"(Czech Republic) - Test_name_3 10MG TBL FLM 14",
      "secondaryLabel":""
   },
   {
      "uri":"entities/uri_4",
      "type":"configuration/entityTypes/MedicinalProduct",
      "createdBy":"bay_cph_cdp_reltio_technical_user_nprod",
      "createdTime":1710164387913,
      "updatedBy":"bay_cph_cdp_reltio_technical_user_nprod",
      "updatedTime":1710164387913,
      "attributes":{
         "Name":[
            {
               "type":"configuration/entityTypes/MedicinalProduct/attributes/Name",
               "ov":true,
               "value":"Test_name_2, 2,5 mg, 100x1 flm.tbl (CZ)",
               "uri":"entities/uri_4/attributes/Name/9RpA9QLN"
            }
         ],
         "Country":[
            {
               "type":"configuration/entityTypes/MedicinalProduct/attributes/Country",
               "ov":true,
               "value":"Czech Republic",
               "lookupCode":"CZ",
               "lookupValue":"Czech Republic",
               "uri":"entities/uri_4/attributes/Country/9RpA9M57"
            }
         ],
         "Type":[
            {
               "type":"configuration/entityTypes/MedicinalProduct/attributes/Type",
               "ov":true,
               "value":"Sample",
               "lookupCode":"Sample",
               "lookupValue":"Sample",
               "uri":"entities/uri_4/attributes/Type/9RpA9Ubd"
            }
         ],
         "IsInternalProduct":[
            {
               "type":"configuration/entityTypes/MedicinalProduct/attributes/IsInternalProduct",
               "ov":true,
               "value":"true",
               "uri":"entities/uri_4/attributes/IsInternalProduct/9RpA9Yrt"
            }
         ],
         "Identifiers":[
            {
               "label":"Source_name ID 86563541",
               "value":{
                  "Type":[
                     {
                        "type":"configuration/entityTypes/MedicinalProduct/attributes/Identifiers/attributes/Type",
                        "ov":true,
                        "value":"Source_name ID",
                        "lookupCode":"Source_name ID",
                        "lookupValue":"Source_name ID",
                        "uri":"entities/uri_4/attributes/Identifiers/9RpA9d89/Type/9RpA9lef"
                     }
                  ],
                  "CountryCode":[
                     {
                        "type":"configuration/entityTypes/MedicinalProduct/attributes/Identifiers/attributes/CountryCode",
                        "ov":true,
                        "value":"Czech Republic",
                        "lookupCode":"CZ",
                        "lookupValue":"Czech Republic",
                        "uri":"entities/uri_4/attributes/Identifiers/9RpA9d89/CountryCode/9RpA9hOP"
                     }
                  ],
                  "ID":[
                     {
                        "type":"configuration/entityTypes/MedicinalProduct/attributes/Identifiers/attributes/ID",
                        "ov":true,
                        "value":"86563541",
                        "uri":"entities/uri_4/attributes/Identifiers/9RpA9d89/ID/9RpA9puv"
                     }
                  ]
               },
               "ov":true,
               "uri":"entities/uri_4/attributes/Identifiers/9RpA9d89"
            },
            {
               "label":"Source_name_1 ID a001r00001AxdHeAAJ",
               "value":{
                  "Type":[
                     {
                        "type":"configuration/entityTypes/MedicinalProduct/attributes/Identifiers/attributes/Type",
                        "ov":true,
                        "value":"Source_name_1 ID",
                        "lookupCode":"Source_name_1 ID",
                        "lookupValue":"Source_name_1 ID",
                        "uri":"entities/uri_4/attributes/Identifiers/9RpA9uBB/Type/9RpAA2hh"
                     }
                  ],
                  "CountryCode":[
                     {
                        "type":"configuration/entityTypes/MedicinalProduct/attributes/Identifiers/attributes/CountryCode",
                        "ov":true,
                        "value":"Czech Republic",
                        "lookupCode":"CZ",
                        "lookupValue":"Czech Republic",
                        "uri":"entities/uri_4/attributes/Identifiers/9RpA9uBB/CountryCode/9RpA9yRR"
                     }
                  ],
                  "ID":[
                     {
                        "type":"configuration/entityTypes/MedicinalProduct/attributes/Identifiers/attributes/ID",
                        "ov":true,
                        "value":"a001r00001AxdHeAAJ",
                        "uri":"entities/uri_4/attributes/Identifiers/9RpA9uBB/ID/9RpAA6xx"
                     }
                  ]
               },
               "ov":true,
               "uri":"entities/uri_4/attributes/Identifiers/9RpA9uBB"
            }
         ]
      },
      "crosswalks":[
         {
            "uri":"entities/uri_4/crosswalks/9RpAABED",
            "type":"configuration/sources/Source_name_1",
            "value":"a001r00001AxdHeAAJ:CZ",
            "reltioLoadDate":"2024-03-11T13:39:47.913Z",
            "createDate":"2024-03-11T13:39:47.913Z",
            "updateDate":"2024-03-11T13:39:47.913Z",
            "attributes":[
               "entities/uri_4/attributes/Identifiers/9RpA9d89/ID/9RpA9puv",
               "entities/uri_4/attributes/IsInternalProduct/9RpA9Yrt",
               "entities/uri_4/attributes/Identifiers/9RpA9d89",
               "entities/uri_4/attributes/Identifiers/9RpA9uBB",
               "entities/uri_4/attributes/Type/9RpA9Ubd",
               "entities/uri_4/attributes/Identifiers/9RpA9uBB/Type/9RpAA2hh",
               "entities/uri_4/attributes/Identifiers/9RpA9d89/CountryCode/9RpA9hOP",
               "entities/uri_4/attributes/Identifiers/9RpA9uBB/CountryCode/9RpA9yRR",
               "entities/uri_4/attributes/Name/9RpA9QLN",
               "entities/uri_4/attributes/Identifiers/9RpA9uBB/ID/9RpAA6xx",
               "entities/uri_4/attributes/Identifiers/9RpA9d89/Type/9RpA9lef",
               "entities/uri_4/attributes/Country/9RpA9M57"
            ],
            "singleAttributeUpdateDates":{
               
            }
         }
      ],
      "analyticsAttributes":{
         
      },
      "label":"(Czech Republic) - Test_name_2, 2,5 mg, 100x1 flm.tbl (CZ)",
      "secondaryLabel":""
   }
]