[
{
   "uri":"entities/00fTK0g",
   "type":"configuration/entityTypes/HCO",
   "createdBy":"bay_cph_cdp_reltio_technical_user_nprod",
   "createdTime":1679579719820,
   "updatedBy":"bay_cph_cdp_reltio_technical_user_nprod",
   "updatedTime":1716264202074,
   "attributes":{
      "CountryCode":[
         {
            "type":"configuration/entityTypes/HCO/attributes/CountryCode",
            "ov":true,
            "value":"Italy",
            "lookupCode":"IT",
            "lookupValue":"Italy",
            "uri":"entities/00fTK0g/attributes/CountryCode/uM9alO"
         }
      ],
      "RecordOwner":[
         {
            "type":"configuration/entityTypes/HCO/attributes/RecordOwner",
            "ov":true,
            "value":"External",
            "lookupCode":"External",
            "lookupValue":"External",
            "uri":"entities/00fTK0g/attributes/RecordOwner/uM9SEs"
         }
      ],
      "Name":[
         {
            "type":"configuration/entityTypes/HCO/attributes/Name",
            "ov":true,
            "value":"Alassio Salute",
            "uri":"entities/00fTK0g/attributes/Name/uM9f1e"
         }
      ],
      "CompanyType":[
         {
            "type":"configuration/entityTypes/HCO/attributes/CompanyType",
            "ov":true,
            "value":"Organization, Group Practice",
            "lookupCode":"BY_OTYP_ORGAGRPR",
            "lookupValue":"Organization, Group Practice",
            "uri":"entities/00fTK0g/attributes/CompanyType/uM9WV8"
         }
      ],
      "Status":[
         {
            "type":"configuration/entityTypes/HCO/attributes/Status",
            "ov":true,
            "value":"Active",
            "lookupCode":"BY_STAS_ACTIVE",
            "lookupValue":"Active",
            "uri":"entities/00fTK0g/attributes/Status/uM9Nyc"
         }
      ],
      "Addresses":[
         {
            "label":"Professional, Status - Active Vico Della Chiusetta 14, Alassio, Savona, Italy",
            "value":{
               "Identifiers":[
                  {
                     "label":"External Provider ID - 692676998161515528",
                     "value":{
                        "Type":[
                           {
                              "type":"configuration/entityTypes/HCO/attributes/Addresses/attributes/Identifiers/attributes/Type",
                              "ov":true,
                              "value":"External Provider ID",
                              "lookupCode":"External Provider ID",
                              "lookupValue":"External Provider ID",
                              "uri":"entities/00fTK0g/attributes/Addresses/TyUCQSJ/Identifiers/TyUDJrf/Type/TyUDO7v"
                           }
                        ],
                        "ID":[
                           {
                              "type":"configuration/entityTypes/HCO/attributes/Addresses/attributes/Identifiers/attributes/ID",
                              "ov":true,
                              "value":"692676998161515528",
                              "uri":"entities/00fTK0g/attributes/Addresses/TyUCQSJ/Identifiers/TyUDJrf/ID/TyUDSOB"
                           }
                        ]
                     },
                     "ov":true,
                     "uri":"entities/00fTK0g/attributes/Addresses/TyUCQSJ/Identifiers/TyUDJrf"
                  },
                  {
                     "label":"Veeva CRM ID - a018E00000HzwhXQAR",
                     "value":{
                        "Type":[
                           {
                              "type":"configuration/entityTypes/HCO/attributes/Addresses/attributes/Identifiers/attributes/Type",
                              "ov":true,
                              "value":"Veeva CRM ID",
                              "lookupCode":"Veeva CRM ID",
                              "lookupValue":"Veeva CRM ID",
                              "uri":"entities/00fTK0g/attributes/Addresses/TyUCQSJ/Identifiers/TyUDWeR/Type/TyUDauh"
                           }
                        ],
                        "ID":[
                           {
                              "type":"configuration/entityTypes/HCO/attributes/Addresses/attributes/Identifiers/attributes/ID",
                              "ov":true,
                              "value":"a018E00000HzwhXQAR",
                              "uri":"entities/00fTK0g/attributes/Addresses/TyUCQSJ/Identifiers/TyUDWeR/ID/TyUDfAx"
                           }
                        ]
                     },
                     "ov":true,
                     "uri":"entities/00fTK0g/attributes/Addresses/TyUCQSJ/Identifiers/TyUDWeR"
                  },
                  {
                     "label":"Veeva Network ID - 692676998161515528",
                     "value":{
                        "Type":[
                           {
                              "type":"configuration/entityTypes/HCO/attributes/Addresses/attributes/Identifiers/attributes/Type",
                              "ov":true,
                              "value":"Veeva Network ID",
                              "lookupCode":"Veeva Network ID",
                              "lookupValue":"Veeva Network ID",
                              "uri":"entities/00fTK0g/attributes/Addresses/TyUCQSJ/Identifiers/TyUDjRD/Type/TyUDnhT"
                           }
                        ],
                        "ID":[
                           {
                              "type":"configuration/entityTypes/HCO/attributes/Addresses/attributes/Identifiers/attributes/ID",
                              "ov":true,
                              "value":"692676998161515528",
                              "uri":"entities/00fTK0g/attributes/Addresses/TyUCQSJ/Identifiers/TyUDjRD/ID/TyUDrxj"
                           }
                        ]
                     },
                     "ov":true,
                     "uri":"entities/00fTK0g/attributes/Addresses/TyUCQSJ/Identifiers/TyUDjRD"
                  }
               ],
               "Bricks":[
                  {
                     "label":"00901 - SAVONA 01",
                     "value":{
                        "BrickNumber":[
                           {
                              "type":"configuration/entityTypes/HCO/attributes/Addresses/attributes/Bricks/attributes/BrickNumber",
                              "ov":true,
                              "value":"00901",
                              "uri":"entities/00fTK0g/attributes/Addresses/TyUCQSJ/Bricks/TyUCdF5/BrickNumber/TyUChVL"
                           }
                        ],
                        "BrickName":[
                           {
                              "type":"configuration/entityTypes/HCO/attributes/Addresses/attributes/Bricks/attributes/BrickName",
                              "ov":true,
                              "value":"SAVONA 01",
                              "uri":"entities/00fTK0g/attributes/Addresses/TyUCQSJ/Bricks/TyUCdF5/BrickName/TyUCllb"
                           }
                        ]
                     },
                     "ov":true,
                     "uri":"entities/00fTK0g/attributes/Addresses/TyUCQSJ/Bricks/TyUCdF5"
                  }
               ],
               "AddressType":[
                  {
                     "type":"configuration/entityTypes/HCO/attributes/Addresses/attributes/AddressType",
                     "ov":true,
                     "value":"Professional",
                     "lookupCode":"BY_ADTY_PROFESSI",
                     "lookupValue":"Professional",
                     "uri":"entities/00fTK0g/attributes/Addresses/TyUCQSJ/AddressType/TyUDBL9"
                  }
               ],
               "Status":[
                  {
                     "type":"configuration/entityTypes/HCO/attributes/Addresses/attributes/Status",
                     "ov":true,
                     "value":"Active",
                     "lookupCode":"Active",
                     "lookupValue":"Active",
                     "uri":"entities/00fTK0g/attributes/Addresses/TyUCQSJ/Status/TyUCUiZ"
                  }
               ],
               "AddressLine1":[
                  {
                     "type":"configuration/entityTypes/HCO/attributes/Addresses/attributes/AddressLine1",
                     "ov":true,
                     "value":"Vico Della Chiusetta 14",
                     "uri":"entities/00fTK0g/attributes/Addresses/TyUCQSJ/AddressLine1/TyUCYyp"
                  }
               ],
               "City":[
                  {
                     "type":"configuration/entityTypes/HCO/attributes/Addresses/attributes/City",
                     "ov":true,
                     "value":"Alassio",
                     "uri":"entities/00fTK0g/attributes/Addresses/TyUCQSJ/City/TyUD74t"
                  }
               ],
               "Country":[
                  {
                     "type":"configuration/entityTypes/HCO/attributes/Addresses/attributes/Country",
                     "ov":true,
                     "value":"Italy",
                     "lookupCode":"IT",
                     "lookupValue":"Italy",
                     "uri":"entities/00fTK0g/attributes/Addresses/TyUCQSJ/Country/TyUCuI7"
                  }
               ],
               "ISO3166-2":[
                  {
                     "type":"configuration/entityTypes/HCO/attributes/Addresses/attributes/ISO3166-2",
                     "ov":true,
                     "value":"IT",
                     "uri":"entities/00fTK0g/attributes/Addresses/TyUCQSJ/ISO3166-2/TyUDFbP"
                  }
               ],
               "StateProvince":[
                  {
                     "type":"configuration/entityTypes/HCO/attributes/Addresses/attributes/StateProvince",
                     "ov":true,
                     "value":"Savona",
                     "lookupCode":"BY_STAT_IT-SV",
                     "lookupValue":"Savona",
                     "uri":"entities/00fTK0g/attributes/Addresses/TyUCQSJ/StateProvince/TyUCq1r"
                  }
               ],
               "PostalCode":[
                  {
                     "type":"configuration/entityTypes/HCO/attributes/Addresses/attributes/PostalCode",
                     "ov":true,
                     "value":"17021",
                     "uri":"entities/00fTK0g/attributes/Addresses/TyUCQSJ/PostalCode/TyUCyYN"
                  }
               ],
               "Latitude":[
                  {
                     "type":"configuration/entityTypes/HCO/attributes/Addresses/attributes/Latitude",
                     "ov":true,
                     "value":"44.00575",
                     "uri":"entities/00fTK0g/attributes/Addresses/TyUCQSJ/Latitude/TyUD2od"
                  }
               ],
               "Longitude":[
                  {
                     "type":"configuration/entityTypes/HCO/attributes/Addresses/attributes/Longitude",
                     "ov":true,
                     "value":"8.16776",
                     "uri":"entities/00fTK0g/attributes/Addresses/TyUCQSJ/Longitude/TyUDwDz"
                  }
               ]
            },
            "ov":true,
            "uri":"entities/00fTK0g/attributes/Addresses/TyUCQSJ"
         }
      ],
      "Phone":[
         {
            "label":"+39 0182640522 Fax",
            "value":{
               "Type":[
                  {
                     "type":"configuration/entityTypes/HCO/attributes/Phone/attributes/Type",
                     "ov":true,
                     "value":"Fax",
                     "lookupCode":"Fax",
                     "lookupValue":"Fax",
                     "uri":"entities/00fTK0g/attributes/Phone/5A6UAZ6u/Type/5A6UAdNA"
                  }
               ],
               "Number":[
                  {
                     "type":"configuration/entityTypes/HCO/attributes/Phone/attributes/Number",
                     "ov":true,
                     "value":"+39 0182640522",
                     "uri":"entities/00fTK0g/attributes/Phone/5A6UAZ6u/Number/5A6UAhdQ"
                  }
               ]
            },
            "ov":true,
            "uri":"entities/00fTK0g/attributes/Phone/5A6UAZ6u"
         },
         {
            "label":"+39 0182648631 Work",
            "value":{
               "Type":[
                  {
                     "type":"configuration/entityTypes/HCO/attributes/Phone/attributes/Type",
                     "ov":true,
                     "value":"Work",
                     "lookupCode":"Work",
                     "lookupValue":"Work",
                     "uri":"entities/00fTK0g/attributes/Phone/5A6UAltg/Type/5A6UAq9w"
                  }
               ],
               "Number":[
                  {
                     "type":"configuration/entityTypes/HCO/attributes/Phone/attributes/Number",
                     "ov":true,
                     "value":"+39 0182648631",
                     "uri":"entities/00fTK0g/attributes/Phone/5A6UAltg/Number/5A6UAuQC"
                  }
               ]
            },
            "ov":true,
            "uri":"entities/00fTK0g/attributes/Phone/5A6UAltg"
         }
      ],
      "Identifiers":[
         {
            "label":"CDIS Group ID - 1143171538",
            "value":{
               "Type":[
                  {
                     "type":"configuration/entityTypes/HCO/attributes/Identifiers/attributes/Type",
                     "ov":true,
                     "value":"CDIS Group ID",
                     "lookupCode":"CDIS Group ID",
                     "lookupValue":"CDIS Group ID",
                     "uri":"entities/00fTK0g/attributes/Identifiers/1LyVkLY0/Type/1LyVkPoG"
                  }
               ],
               "ID":[
                  {
                     "type":"configuration/entityTypes/HCO/attributes/Identifiers/attributes/ID",
                     "ov":true,
                     "value":"1143171538",
                     "uri":"entities/00fTK0g/attributes/Identifiers/1LyVkLY0/ID/1LyVkU4W"
                  }
               ]
            },
            "ov":true,
            "uri":"entities/00fTK0g/attributes/Identifiers/1LyVkLY0"
         },
         {
            "label":"CDIS ID - 1546475977",
            "value":{
               "Type":[
                  {
                     "type":"configuration/entityTypes/HCO/attributes/Identifiers/attributes/Type",
                     "ov":true,
                     "value":"CDIS ID",
                     "lookupCode":"CDIS ID",
                     "lookupValue":"CDIS ID",
                     "uri":"entities/00fTK0g/attributes/Identifiers/1LyVkYKm/Type/1LyVkcb2"
                  }
               ],
               "ID":[
                  {
                     "type":"configuration/entityTypes/HCO/attributes/Identifiers/attributes/ID",
                     "ov":true,
                     "value":"1546475977",
                     "uri":"entities/00fTK0g/attributes/Identifiers/1LyVkYKm/ID/1LyVkgrI"
                  }
               ]
            },
            "ov":true,
            "uri":"entities/00fTK0g/attributes/Identifiers/1LyVkYKm"
         },
         {
            "label":"Veeva CRM ID - 0018E000020KczcQAC",
            "value":{
               "Type":[
                  {
                     "type":"configuration/entityTypes/HCO/attributes/Identifiers/attributes/Type",
                     "ov":true,
                     "value":"Veeva CRM ID",
                     "lookupCode":"Veeva CRM ID",
                     "lookupValue":"Veeva CRM ID",
                     "uri":"entities/00fTK0g/attributes/Identifiers/uM9jHu/Type/uM9roQ"
                  }
               ],
               "Subtype":[
                  {
                     "type":"configuration/entityTypes/HCO/attributes/Identifiers/attributes/Subtype",
                     "ov":true,
                     "value":"VEEVA_EC2",
                     "uri":"entities/00fTK0g/attributes/Identifiers/uM9jHu/Subtype/uM9nYA"
                  }
               ],
               "ID":[
                  {
                     "type":"configuration/entityTypes/HCO/attributes/Identifiers/attributes/ID",
                     "ov":true,
                     "value":"0018E000020KczcQAC",
                     "uri":"entities/00fTK0g/attributes/Identifiers/uM9jHu/ID/uM9w4g"
                  }
               ]
            },
            "ov":true,
            "uri":"entities/00fTK0g/attributes/Identifiers/uM9jHu"
         },
         {
            "label":"Veeva CRM ID - 00169000031Y4tsAAC",
            "value":{
               "Type":[
                  {
                     "type":"configuration/entityTypes/HCO/attributes/Identifiers/attributes/Type",
                     "ov":true,
                     "value":"Veeva CRM ID",
                     "lookupCode":"Veeva CRM ID",
                     "lookupValue":"Veeva CRM ID",
                     "uri":"entities/00fTK0g/attributes/Identifiers/15SaqWGH/Type/15SaqaWX"
                  }
               ],
               "Subtype":[
                  {
                     "type":"configuration/entityTypes/HCO/attributes/Identifiers/attributes/Subtype",
                     "ov":true,
                     "value":"VEEVA_EC2",
                     "uri":"entities/00fTK0g/attributes/Identifiers/15SaqWGH/Subtype/15Saqj33"
                  }
               ],
               "ID":[
                  {
                     "type":"configuration/entityTypes/HCO/attributes/Identifiers/attributes/ID",
                     "ov":true,
                     "value":"00169000031Y4tsAAC",
                     "uri":"entities/00fTK0g/attributes/Identifiers/15SaqWGH/ID/15Saqemn"
                  }
               ]
            },
            "ov":true,
            "uri":"entities/00fTK0g/attributes/Identifiers/15SaqWGH"
         },
         {
            "label":"Veeva Network ID - 692640026286113818",
            "value":{
               "Type":[
                  {
                     "type":"configuration/entityTypes/HCO/attributes/Identifiers/attributes/Type",
                     "ov":true,
                     "value":"Veeva Network ID",
                     "lookupCode":"Veeva Network ID",
                     "lookupValue":"Veeva Network ID",
                     "uri":"entities/00fTK0g/attributes/Identifiers/uMA0Kw/Type/uMA4bC"
                  }
               ],
               "ID":[
                  {
                     "type":"configuration/entityTypes/HCO/attributes/Identifiers/attributes/ID",
                     "ov":true,
                     "value":"692640026286113818",
                     "uri":"entities/00fTK0g/attributes/Identifiers/uMA0Kw/ID/uMA8rS"
                  }
               ]
            },
            "ov":true,
            "uri":"entities/00fTK0g/attributes/Identifiers/uMA0Kw"
         }
      ],
      "WebsiteURL":[
         {
            "type":"configuration/entityTypes/HCO/attributes/WebsiteURL",
            "ov":true,
            "value":"https://www.alassiosalute.it/",
            "uri":"entities/00fTK0g/attributes/WebsiteURL/1u6S6FJx"
         }
      ]
   },
   "crosswalks":[
      {
         "uri":"entities/00fTK0g/crosswalks/uMAHNy",
         "type":"configuration/sources/Veeva",
         "value":"HCO:0018E000020KczcQAC:VEEVA_EC2",
         "reltioLoadDate":"2023-04-17T11:59:00.588Z",
         "createDate":"2023-03-23T13:55:19.820Z",
         "updateDate":"2023-03-23T13:55:19.820Z",
         "attributes":[
            "entities/00fTK0g/attributes/Addresses/TyUCQSJ/Status/TyUCUiZ",
            "entities/00fTK0g/attributes/Addresses/TyUCQSJ/Latitude/TyUD2od",
            "entities/00fTK0g/attributes/Addresses/TyUCQSJ",
            "entities/00fTK0g/attributes/Status/uM9Nyc",
            "entities/00fTK0g/attributes/Identifiers/uM9jHu",
            "entities/00fTK0g/attributes/Addresses/TyUCQSJ/AddressLine1/TyUCYyp",
            "entities/00fTK0g/attributes/Addresses/TyUCQSJ/City/TyUD74t",
            "entities/00fTK0g/attributes/Identifiers/uMA0Kw",
            "entities/00fTK0g/attributes/Addresses/TyUCQSJ/Bricks/TyUCdF5",
            "entities/00fTK0g/attributes/Addresses/TyUCQSJ/ISO3166-2/TyUDFbP",
            "entities/00fTK0g/attributes/Addresses/TyUCQSJ/Identifiers/TyUDWeR/Type/TyUDauh",
            "entities/00fTK0g/attributes/Addresses/TyUCQSJ/Bricks/TyUCdF5/BrickNumber/TyUChVL",
            "entities/00fTK0g/attributes/Addresses/TyUCQSJ/Identifiers/TyUDJrf",
            "entities/00fTK0g/attributes/CountryCode/uM9alO",
            "entities/00fTK0g/attributes/Addresses/TyUCQSJ/Bricks/TyUCdF5/BrickName/TyUCllb",
            "entities/00fTK0g/attributes/Addresses/TyUCQSJ/Identifiers/TyUDWeR/ID/TyUDfAx",
            "entities/00fTK0g/attributes/Addresses/TyUCQSJ/Identifiers/TyUDJrf/ID/TyUDSOB",
            "entities/00fTK0g/attributes/Addresses/TyUCQSJ/Identifiers/TyUDWeR",
            "entities/00fTK0g/attributes/Addresses/TyUCQSJ/Country/TyUCuI7",
            "entities/00fTK0g/attributes/Addresses/TyUCQSJ/Identifiers/TyUDjRD/ID/TyUDrxj",
            "entities/00fTK0g/attributes/Name/uM9f1e",
            "entities/00fTK0g/attributes/CompanyType/uM9WV8",
            "entities/00fTK0g/attributes/Addresses/TyUCQSJ/AddressType/TyUDBL9",
            "entities/00fTK0g/attributes/Addresses/TyUCQSJ/PostalCode/TyUCyYN",
            "entities/00fTK0g/attributes/Addresses/TyUCQSJ/Identifiers/TyUDJrf/Type/TyUDO7v",
            "entities/00fTK0g/attributes/Identifiers/uM9jHu/Subtype/uM9nYA",
            "entities/00fTK0g/attributes/Addresses/TyUCQSJ/StateProvince/TyUCq1r",
            "entities/00fTK0g/attributes/Identifiers/uM9jHu/Type/uM9roQ",
            "entities/00fTK0g/attributes/Addresses/TyUCQSJ/Longitude/TyUDwDz",
            "entities/00fTK0g/attributes/Identifiers/uMA0Kw/Type/uMA4bC",
            "entities/00fTK0g/attributes/Addresses/TyUCQSJ/Identifiers/TyUDjRD/Type/TyUDnhT",
            "entities/00fTK0g/attributes/Identifiers/uMA0Kw/ID/uMA8rS",
            "entities/00fTK0g/attributes/Identifiers/uM9jHu/ID/uM9w4g",
            "entities/00fTK0g/attributes/Addresses/TyUCQSJ/Identifiers/TyUDjRD",
            "entities/00fTK0g/attributes/RecordOwner/uM9SEs"
         ],
         "singleAttributeUpdateDates":{
            "entities/00fTK0g/attributes/Addresses/TyUCQSJ/Status/TyUCUiZ":"2023-04-17T11:59:00.588Z",
            "entities/00fTK0g/attributes/Addresses/TyUCQSJ/Latitude/TyUD2od":"2023-04-17T11:59:00.588Z",
            "entities/00fTK0g/attributes/Addresses/TyUCQSJ":"2023-04-17T11:59:00.588Z",
            "entities/00fTK0g/attributes/Addresses/TyUCQSJ/AddressLine1/TyUCYyp":"2023-04-17T11:59:00.588Z",
            "entities/00fTK0g/attributes/Addresses/TyUCQSJ/City/TyUD74t":"2023-04-17T11:59:00.588Z",
            "entities/00fTK0g/attributes/Addresses/TyUCQSJ/Bricks/TyUCdF5":"2023-04-17T11:59:00.588Z",
            "entities/00fTK0g/attributes/Addresses/TyUCQSJ/ISO3166-2/TyUDFbP":"2023-04-17T11:59:00.588Z",
            "entities/00fTK0g/attributes/Addresses/TyUCQSJ/Identifiers/TyUDWeR/Type/TyUDauh":"2023-04-17T11:59:00.588Z",
            "entities/00fTK0g/attributes/Addresses/TyUCQSJ/Bricks/TyUCdF5/BrickNumber/TyUChVL":"2023-04-17T11:59:00.588Z",
            "entities/00fTK0g/attributes/Addresses/TyUCQSJ/Identifiers/TyUDJrf":"2023-04-17T11:59:00.588Z",
            "entities/00fTK0g/attributes/Addresses/TyUCQSJ/Bricks/TyUCdF5/BrickName/TyUCllb":"2023-04-17T11:59:00.588Z",
            "entities/00fTK0g/attributes/Addresses/TyUCQSJ/Identifiers/TyUDWeR/ID/TyUDfAx":"2023-04-17T11:59:00.588Z",
            "entities/00fTK0g/attributes/Addresses/TyUCQSJ/Identifiers/TyUDJrf/ID/TyUDSOB":"2023-04-17T11:59:00.588Z",
            "entities/00fTK0g/attributes/Addresses/TyUCQSJ/Identifiers/TyUDWeR":"2023-04-17T11:59:00.588Z",
            "entities/00fTK0g/attributes/Addresses/TyUCQSJ/Country/TyUCuI7":"2023-04-17T11:59:00.588Z",
            "entities/00fTK0g/attributes/Addresses/TyUCQSJ/Identifiers/TyUDjRD/ID/TyUDrxj":"2023-04-17T11:59:00.588Z",
            "entities/00fTK0g/attributes/Addresses/TyUCQSJ/AddressType/TyUDBL9":"2023-04-17T11:59:00.588Z",
            "entities/00fTK0g/attributes/Addresses/TyUCQSJ/PostalCode/TyUCyYN":"2023-04-17T11:59:00.588Z",
            "entities/00fTK0g/attributes/Addresses/TyUCQSJ/Identifiers/TyUDJrf/Type/TyUDO7v":"2023-04-17T11:59:00.588Z",
            "entities/00fTK0g/attributes/Addresses/TyUCQSJ/StateProvince/TyUCq1r":"2023-04-17T11:59:00.588Z",
            "entities/00fTK0g/attributes/Addresses/TyUCQSJ/Longitude/TyUDwDz":"2023-04-17T11:59:00.588Z",
            "entities/00fTK0g/attributes/Addresses/TyUCQSJ/Identifiers/TyUDjRD/Type/TyUDnhT":"2023-04-17T11:59:00.588Z",
            "entities/00fTK0g/attributes/Addresses/TyUCQSJ/Identifiers/TyUDjRD":"2023-04-17T11:59:00.588Z"
         }
      },
      {
         "uri":"entities/00fTK0g/crosswalks/1LyUGIQS",
         "type":"configuration/sources/CDIS",
         "value":"HCO:1546475977",
         "reltioLoadDate":"2024-03-29T13:38:25.289Z",
         "createDate":"2023-10-11T22:20:55.231Z",
         "updateDate":"2023-10-11T22:20:55.231Z",
         "attributes":[
            "entities/00fTK0g/attributes/Identifiers/1LyVkYKm/ID/1LyVkgrI",
            "entities/00fTK0g/attributes/Identifiers/1LyVkYKm",
            "entities/00fTK0g/attributes/Identifiers/1LyVkLY0",
            "entities/00fTK0g/attributes/Identifiers/1LyVkYKm/Type/1LyVkcb2",
            "entities/00fTK0g/attributes/Identifiers/1LyVkLY0/Type/1LyVkPoG",
            "entities/00fTK0g/attributes/Identifiers/1LyVkLY0/ID/1LyVkU4W"
         ],
         "singleAttributeUpdateDates":{
            
         }
      },
      {
         "uri":"entities/00fTK0g/crosswalks/uMAD7i",
         "type":"configuration/sources/VeevaNetwork",
         "value":"HCO:692640026286113818",
         "reltioLoadDate":"2023-03-23T13:55:19.820Z",
         "createDate":"2023-03-23T13:55:19.820Z",
         "updateDate":"2023-03-23T13:55:19.820Z",
         "attributes":[
            
         ],
         "singleAttributeUpdateDates":{
            
         }
      },
      {
         "uri":"entities/00fTK0g/crosswalks/15SaGI4H",
         "type":"configuration/sources/Veeva",
         "value":"HCO:00169000031Y4tsAAC:VEEVA_EC2",
         "reltioLoadDate":"2024-05-21T04:03:22.074Z",
         "createDate":"2023-08-30T09:48:58.474Z",
         "updateDate":"2023-08-30T09:48:58.474Z",
         "attributes":[
            "entities/00fTK0g/attributes/Phone/5A6UAZ6u/Type/5A6UAdNA",
            "entities/00fTK0g/attributes/Name/uM9f1e",
            "entities/00fTK0g/attributes/Phone/5A6UAZ6u",
            "entities/00fTK0g/attributes/CompanyType/uM9WV8",
            "entities/00fTK0g/attributes/Status/uM9Nyc",
            "entities/00fTK0g/attributes/Identifiers/15SaqWGH",
            "entities/00fTK0g/attributes/Identifiers/uMA0Kw/Type/uMA4bC",
            "entities/00fTK0g/attributes/Phone/5A6UAltg",
            "entities/00fTK0g/attributes/Identifiers/uMA0Kw",
            "entities/00fTK0g/attributes/Identifiers/15SaqWGH/Type/15SaqaWX",
            "entities/00fTK0g/attributes/Identifiers/uMA0Kw/ID/uMA8rS",
            "entities/00fTK0g/attributes/Identifiers/15SaqWGH/ID/15Saqemn",
            "entities/00fTK0g/attributes/Phone/5A6UAltg/Number/5A6UAuQC",
            "entities/00fTK0g/attributes/Phone/5A6UAZ6u/Number/5A6UAhdQ",
            "entities/00fTK0g/attributes/Identifiers/15SaqWGH/Subtype/15Saqj33",
            "entities/00fTK0g/attributes/CountryCode/uM9alO",
            "entities/00fTK0g/attributes/WebsiteURL/1u6S6FJx",
            "entities/00fTK0g/attributes/RecordOwner/uM9SEs",
            "entities/00fTK0g/attributes/Phone/5A6UAltg/Type/5A6UAq9w"
         ],
         "singleAttributeUpdateDates":{
            "entities/00fTK0g/attributes/Phone/5A6UAZ6u/Type/5A6UAdNA":"2024-03-29T13:38:25.289Z",
            "entities/00fTK0g/attributes/Phone/5A6UAZ6u":"2024-03-29T13:38:25.289Z",
            "entities/00fTK0g/attributes/Phone/5A6UAltg":"2024-03-29T13:38:25.289Z",
            "entities/00fTK0g/attributes/Phone/5A6UAltg/Number/5A6UAuQC":"2024-03-29T13:38:25.289Z",
            "entities/00fTK0g/attributes/Phone/5A6UAZ6u/Number/5A6UAhdQ":"2024-03-29T13:38:25.289Z",
            "entities/00fTK0g/attributes/WebsiteURL/1u6S6FJx":"2023-11-12T21:33:56.404Z",
            "entities/00fTK0g/attributes/Phone/5A6UAltg/Type/5A6UAq9w":"2024-03-29T13:38:25.289Z"
         }
      }
   ],
   "analyticsAttributes":{
      
   },
   "label":"Alassio Salute",
   "secondaryLabel":"Vico Della Chiusetta 14, Alassio, Savona, Italy"
}
]